case,initial_age_s,family,interface_theta_deg,theta_left_last_deg,theta_right_last_deg
P080,60,fast_minus,38.51238585838801,26.78753812721142,29.72420778867344
P080,60,alfven_minus,38.51238585838801,43.61870769200878,43.61870769200878
P080,60,slow_minus,38.51238585838801,46.077504653866775,46.077504653866775
P080,60,entropy,38.51238585838801,46.9650382846598,46.9650382846598
P080,60,slow_plus,38.51238585838801,48.34869671027309,48.35164276245705
P080,60,alfven_plus,38.51238585838801,50.84401210561939,50.84401210561939
P080,60,fast_plus,38.51238585838801,59.90054787973802,59.90054787973802
P080,120,fast_minus,34.82477171677594,21.07839851470684,24.521390531593347
P080,120,alfven_minus,34.82477171677594,40.81149386653823,40.81149386653823
P080,120,slow_minus,34.82477171677594,43.694221339061386,43.694221339061386
P080,120,entropy,34.82477171677594,44.73477800964631,44.73477800964631
P080,120,slow_plus,34.82477171677594,46.356998232779134,46.36045222499481
P080,120,alfven_plus,34.82477171677594,49.28254042042653,49.28254042042653
P080,120,fast_plus,34.82477171677594,59.90054787973803,59.90054787973803
P080,240,fast_minus,27.449543433551796,9.660119289697661,14.115756017433142
P080,240,alfven_minus,27.449543433551796,35.19706621559711,35.19706621559711
P080,240,slow_minus,27.449543433551796,38.927654709450614,38.927654709450614
P080,240,entropy,27.449543433551796,40.274257459619335,40.274257459619335
P080,240,slow_plus,27.449543433551796,42.373601277791224,42.37807115007033
P080,240,alfven_plus,27.449543433551796,46.159597050040794,46.159597050040794
P080,240,fast_plus,27.449543433551796,59.90054787973802,59.90054787973802
P100,60,fast_minus,38.49553149699907,26.62169631767771,29.69748090890765
P100,60,alfven_minus,38.49553149699907,43.690286401840176,43.690286401840176
P100,60,slow_minus,38.49553149699907,46.09731953703982,46.09731953703982
P100,60,entropy,38.49553149699907,47.10197995212252,47.10197995212252
P100,60,slow_plus,38.49553149699907,48.47194614419147,48.47194614419147
P100,60,alfven_plus,38.49553149699907,50.919102177575766,50.919102177575766
P100,60,fast_plus,38.49553149699907,59.98144881440492,59.98144881440492
P100,120,fast_minus,34.79106299399806,20.870014852724744,24.476107132097773
P100,120,alfven_minus,34.79106299399806,40.881465296225564,40.881465296225564
P100,120,slow_minus,34.79106299399806,43.703504144390664,43.703504144390664
P100,120,entropy,34.79106299399806,44.88138187241866,44.88138187241866
P100,120,slow_plus,34.79106299399806,46.487549132085704,46.487549132085704
P100,120,alfven_plus,34.79106299399806,49.35662861950177,49.35662861950177
P100,120,fast_plus,34.79106299399806,59.98144881440492,59.98144881440492
P100,240,fast_minus,27.382125987996048,9.366651922818814,14.033359578478027
P100,240,alfven_minus,27.382125987996048,35.26382308499634,35.26382308499634
P100,240,slow_minus,27.382125987996048,38.91587335909236,38.91587335909236
P100,240,entropy,27.382125987996048,40.44018571301093,40.44018571301093
P100,240,slow_plus,27.382125987996048,42.51875510787417,42.51875510787417
P100,240,alfven_plus,27.382125987996048,46.231681503353784,46.231681503353784
P100,240,fast_plus,27.382125987996048,59.98144881440493,59.98144881440493
P120,60,fast_minus,38.478803450602534,26.456998611888814,29.670899289750082
P120,60,alfven_minus,38.478803450602534,43.76167823823124,43.76167823823124
P120,60,slow_minus,38.478803450602534,46.121052258972156,46.121052258972156
P120,60,entropy,38.478803450602534,47.232556458971374,47.232556458971374
P120,60,slow_plus,38.478803450602534,48.58997540111553,48.58997540111553
P120,60,alfven_plus,38.478803450602534,50.99350912228219,50.99350912228219
P120,60,fast_plus,38.478803450602534,60.061743437108305,60.061743437108305
P120,120,fast_minus,34.75760690120499,20.663077090299247,24.43109857468832
P120,120,alfven_minus,34.75760690120499,40.95132216945933,40.95132216945933
P120,120,slow_minus,34.75760690120499,43.71748481446593,43.71748481446593
P120,120,entropy,34.75760690120499,45.02062766963742,45.02062766963742
P120,120,slow_plus,34.75760690120499,46.61208436042712,46.61208436042712
P120,120,alfven_plus,34.75760690120499,49.43002044731217,49.43002044731217
P120,120,fast_plus,34.75760690120499,60.061743437108305,60.061743437108305
P120,240,fast_minus,27.315213802409897,9.075234047120116,13.9514971445648
P120,240,alfven_minus,27.315213802409897,35.33061003191551,35.33061003191551
P120,240,slow_minus,27.315213802409897,38.91034992545347,38.91034992545347
P120,240,entropy,27.315213802409897,40.59677009096952,40.59677009096952
P120,240,slow_plus,27.315213802409897,42.6563022790503,42.6563022790503
P120,240,alfven_plus,27.315213802409897,46.303043097372125,46.303043097372125
P120,240,fast_plus,27.315213802409897,60.061743437108305,60.061743437108305
