case,family,quantity,LEFT_flux,RIGHT_flux,scale_SI,normalized_residual
P080,alfven_minus,mass,3.898157413701081e-08,3.898157413701081e-08,3.203895117686673e-07,0.0
P080,alfven_minus,normal_momentum,0.05767861200707759,0.05767861200707759,0.31472846776488456,0.0
P080,alfven_minus,t1_momentum,-0.0227869165668971,-0.0227869165668971,0.31472846776488456,0.0
P080,alfven_minus,t2_momentum,-0.004017948197896666,-0.004017948197896665,0.31472846776488456,5.511809873114874e-18
P080,alfven_minus,t1_induction,46.63822328959409,46.63822328959409,305.1151308977058,0.0
P080,alfven_minus,t2_induction,8.223577098261337,8.223577098261337,305.1151308977058,0.0
P080,alfven_minus,energy,15276.529767553486,15276.529767553488,204983.3961225075,8.873837773956799e-18
P080,slow_minus,mass,1.3234550912922387e-08,1.32345509129224e-08,3.203895117686673e-07,4.130874861598e-17
P080,slow_minus,normal_momentum,0.053196995709198,0.05319699570919799,0.31472846776488456,4.4094478984918993e-17
P080,slow_minus,t1_momentum,-0.022603399582398837,-0.022603399582398844,0.31472846776488456,2.2047239492459497e-17
P080,slow_minus,t2_momentum,-0.0027660938027621626,-0.0027660938027621626,0.31472846776488456,0.0
P080,slow_minus,t1_induction,16.20964965509993,16.20964965509994,305.1151308977058,3.4931538809770784e-17
P080,slow_minus,t2_induction,5.354152721696618,5.35415272169662,305.1151308977058,5.8219231349617974e-18
P080,slow_minus,energy,5261.776312546024,5261.776312546036,204983.3961225075,5.76799455307192e-17
P080,entropy,mass,0.0,4.822578412982267e-23,3.203895117686673e-07,1.5052235593980182e-16
P080,entropy,normal_momentum,0.05278697915567579,0.05278697915567579,0.31472846776488456,0.0
P080,entropy,t1_momentum,-0.02166845816255105,-0.021668458162551054,0.31472846776488456,1.1023619746229748e-17
P080,entropy,t2_momentum,-0.0020433426423811505,-0.002043342642381154,0.31472846776488456,1.1023619746229748e-17
P080,entropy,t1_induction,5.63625974435367,5.636259744353741,305.1151308977058,2.328769253984719e-16
P080,entropy,t2_induction,4.357078619004354,4.3570786190043576,305.1151308977058,1.1643846269923595e-17
P080,entropy,energy,1642.3350855843612,1642.3350855843848,204983.3961225075,1.153598910614384e-16
P080,alfven_plus,mass,-3.74318477373457e-08,-3.74318477373457e-08,3.203895117686673e-07,0.0
P080,alfven_plus,normal_momentum,0.05785348689873181,0.05785348689873181,0.31472846776488456,0.0
P080,alfven_plus,t1_momentum,-0.019033088769262668,-0.01903308876926267,0.31472846776488456,1.1023619746229748e-17
P080,alfven_plus,t2_momentum,-8.673617379884035e-19,0.0,0.31472846776488456,2.755904936557437e-18
P080,alfven_plus,t1_induction,-40.56802034487407,-40.56802034487407,305.1151308977058,0.0
P080,alfven_plus,t2_induction,8.881784197001252e-16,-0.0,305.1151308977058,2.9109615674808987e-18
P080,alfven_plus,energy,-14410.615688417987,-14410.615688417985,204983.3961225075,8.873837773956799e-18
P080,fast_plus,mass,-1.248758949031334e-07,-1.2487589490313342e-07,3.203895117686673e-07,8.261749723196e-17
P080,fast_plus,normal_momentum,0.10916427768060104,0.10916427768060112,0.31472846776488456,2.6456687390951394e-16
P080,fast_plus,t1_momentum,-0.0126637334343079,-0.012663733434307892,0.31472846776488456,2.755904936557437e-17
P080,fast_plus,t2_momentum,0.0,0.0,0.31472846776488456,0.0
P080,fast_plus,t1_induction,-148.91438253976943,-148.91438253976946,305.1151308977058,9.315077015938876e-17
P080,fast_plus,t2_induction,-0.0,-0.0,305.1151308977058,0.0
P080,fast_plus,energy,-63359.99662298974,-63359.996622989755,204983.3961225075,7.099070219165439e-17
P100,alfven_minus,mass,3.889287243662807e-08,3.889287243662807e-08,2.9518294041190624e-07,0.0
P100,alfven_minus,normal_momentum,0.058335817099262804,0.058335817099262804,0.2965133605088592,0.0
P100,alfven_minus,t1_momentum,-0.022699228624851867,-0.02269922862485187,0.2965133605088592,1.1700811545218566e-17
P100,alfven_minus,t2_momentum,-0.004002486447831292,-0.004002486447831291,0.2965133605088592,5.850405772609283e-18
P100,alfven_minus,t1_induction,46.56470840347483,46.56470840347484,305.1151308977058,2.328769253984719e-17
P100,alfven_minus,t2_induction,8.210614440354805,8.210614440354803,305.1151308977058,5.8219231349617974e-18
P100,alfven_minus,energy,15564.513802347083,15564.513802347083,199187.46279381608,0.0
P100,slow_minus,mass,1.3802464705535909e-08,1.3802464705535914e-08,2.9518294041190624e-07,1.6813585732266727e-17
P100,slow_minus,normal_momentum,0.05390828600885346,0.05390828600885346,0.2965133605088592,0.0
P100,slow_minus,t1_momentum,-0.022508813925506237,-0.022508813925506233,0.2965133605088592,1.1700811545218566e-17
P100,slow_minus,t2_momentum,-0.002781192784222324,-0.0027811927842223243,0.2965133605088592,1.4626014431523207e-18
P100,slow_minus,t1_induction,16.915690446083975,16.91569044608398,305.1151308977058,1.1643846269923595e-17
P100,slow_minus,t2_induction,5.419152581790566,5.419152581790567,305.1151308977058,2.9109615674808987e-18
P100,slow_minus,energy,5597.201491510069,5597.201491510064,199187.46279381608,2.283011915048009e-17
P100,entropy,mass,0.0,-3.84096738764447e-21,2.9518294041190624e-07,1.3012159111514643e-14
P100,entropy,normal_momentum,0.05342424372727278,0.05342424372727439,0.2965133605088592,5.4291765569814145e-15
P100,entropy,t1_momentum,-0.021651370392303193,-0.021651370392303325,0.2965133605088592,4.446308387183055e-16
P100,entropy,t2_momentum,-0.0020384815012294616,-0.00203848150122929,0.2965133605088592,5.79190171488319e-16
P100,entropy,t1_induction,4.956381095066629,4.956381095061299,305.1151308977058,1.7468680366452874e-14
P100,entropy,t2_induction,4.293180856315131,4.293180856314629,305.1151308977058,1.6446932856267077e-15
P100,entropy,energy,1454.7279176121547,1454.727917610398,199187.46279381608,8.819275027830459e-15
P100,slow_plus,mass,-1.3779777432818752e-08,-1.3779777432818738e-08,2.9518294041190624e-07,4.4836228619377934e-17
P100,slow_plus,normal_momentum,0.05408320427821309,0.05408320427821307,0.2965133605088592,4.680324618087426e-17
P100,slow_plus,t1_momentum,-0.020795336249067767,-0.020795336249067767,0.2965133605088592,0.0
P100,slow_plus,t2_momentum,-0.001296991021461785,-0.0012969910214617854,0.2965133605088592,1.4626014431523207e-18
P100,slow_plus,t1_induction,-11.351467054842637,-11.351467054842622,305.1151308977058,4.657538507969438e-17
P100,slow_plus,t2_induction,2.7577932029651744,2.7577932029651757,305.1151308977058,4.366442351221348e-18
P100,slow_plus,energy,-4181.151106698359,-4181.151106698355,199187.46279381608,2.283011915048009e-17
P100,alfven_plus,mass,-3.752244075687862e-08,-3.752244075687862e-08,2.9518294041190624e-07,0.0
P100,alfven_plus,normal_momentum,0.05846553518760404,0.058465535187604056,0.2965133605088592,4.680324618087426e-17
P100,alfven_plus,t1_momentum,-0.019114359098044167,-0.019114359098044174,0.2965133605088592,2.340162309043713e-17
P100,alfven_plus,t2_momentum,-1.734723475976807e-18,0.0,0.2965133605088592,5.850405772609283e-18
P100,alfven_plus,t1_induction,-40.642879347160445,-40.64287934716046,305.1151308977058,4.657538507969438e-17
P100,alfven_plus,t2_induction,1.7763568394002505e-15,-0.0,305.1151308977058,5.8219231349617974e-18
P100,alfven_plus,energy,-14529.84826289911,-14529.848262899115,199187.46279381608,2.739614298057611e-17
P100,fast_plus,mass,-1.2544664427674986e-07,-1.254466442767499e-07,2.9518294041190624e-07,8.967245723875587e-17
P100,fast_plus,normal_momentum,0.11001845417090937,0.11001845417090929,0.2965133605088592,2.8081947708524557e-16
P100,fast_plus,t1_momentum,-0.012663733434307906,-0.012663733434307892,0.2965133605088592,4.680324618087426e-17
P100,fast_plus,t2_momentum,0.0,0.0,0.2965133605088592,0.0
P100,fast_plus,t1_induction,-149.5950006095978,-149.5950006095978,305.1151308977058,0.0
P100,fast_plus,t2_induction,-0.0,-0.0,305.1151308977058,0.0
P100,fast_plus,energy,-63969.90174964514,-63969.90174964503,199187.46279381608,5.479228596115222e-16
P120,alfven_minus,mass,3.8805982319811766e-08,3.8805982319811766e-08,2.768537277046066e-07,0.0
P120,alfven_minus,normal_momentum,0.05898990267272196,0.05898990267272197,0.28346243857294734,4.8958119028680736e-17
P120,alfven_minus,t1_momentum,-0.0226133214663348,-0.0226133214663348,0.28346243857294734,0.0
P120,alfven_minus,t2_momentum,-0.003987338697948733,-0.003987338697948733,0.28346243857294734,0.0
P120,alfven_minus,t1_induction,46.49234832797882,46.49234832797882,305.1151308977058,0.0
P120,alfven_minus,t2_induction,8.197855406718753,8.19785540671875,305.1151308977058,1.1643846269923595e-17
P120,alfven_minus,energy,15850.73412044828,15850.734120448282,195337.3484596935,9.312041029988653e-18
P120,slow_minus,mass,1.4322129075672328e-08,1.4322129075672316e-08,2.768537277046066e-07,4.18290505667253e-17
P120,slow_minus,normal_momentum,0.05461439414965828,0.05461439414967481,0.28346243857294734,5.830911976315875e-14
P120,slow_minus,t1_momentum,-0.02241661135232781,-0.022416611352327812,0.28346243857294734,1.2239529757170184e-17
P120,slow_minus,t2_momentum,-0.0027942827863155673,-0.002794282786315567,0.28346243857294734,1.529941219646273e-18
P120,slow_minus,t1_induction,17.56336762634553,17.56336762634551,305.1151308977058,6.986307761954157e-17
P120,slow_minus,t2_induction,5.478472745987196,5.478472745987196,305.1151308977058,0.0
P120,slow_minus,energy,5922.134698618537,5922.134698619867,195337.3484596935,6.807101992921705e-15
P120,entropy,mass,0.0,-4.755901414239218e-21,2.768537277046066e-07,1.7178390385675433e-14
P120,entropy,normal_momentum,0.05405871250066589,0.05405871250067007,0.28346243857294734,1.47363938276329e-14
P120,entropy,t1_momentum,-0.02163739841933182,-0.021637398419332526,0.28346243857294734,2.4846245407055474e-15
P120,entropy,t2_momentum,-0.002033959187561325,-0.0020339591875611638,0.28346243857294734,5.691381337084136e-16
P120,entropy,t1_induction,4.340746028122955,4.3407460281211385,305.1151308977058,5.952916405498437e-15
P120,entropy,t2_induction,4.235519588581589,4.2355195885814165,305.1151308977058,5.647265440912943e-16
P120,entropy,energy,1285.1865638609434,1285.1865638600939,195337.3484596935,4.348723161004701e-15
P120,slow_plus,mass,-1.4181145650182379e-08,-1.4181145650182379e-08,2.768537277046066e-07,0.0
P120,slow_plus,normal_momentum,0.05473065573594707,0.05473065573594707,0.28346243857294734,0.0
P120,slow_plus,t1_momentum,-0.020865855861871764,-0.02086585586187177,0.28346243857294734,2.4479059514340368e-17
P120,slow_plus,t2_momentum,-0.0012811200225017732,-0.0012811200225017728,0.28346243857294734,1.529941219646273e-18
P120,slow_plus,t1_induction,-11.807314431070228,-11.80731443107022,305.1151308977058,2.910961567480899e-17
P120,slow_plus,t2_induction,2.71756926499153,2.717569264991532,305.1151308977058,5.8219231349617974e-18
P120,slow_plus,energy,-4370.855372257817,-4370.855372257818,195337.3484596935,4.6560205149943265e-18
P120,alfven_plus,mass,-3.761187676374327e-08,-3.761187676374327e-08,2.768537277046066e-07,0.0
P120,alfven_plus,normal_momentum,0.05907604651170524,0.05907604651170523,0.28346243857294734,4.8958119028680736e-17
P120,alfven_plus,t1_momentum,-0.01919486280818774,-0.019194862808187732,0.28346243857294734,2.4479059514340368e-17
P120,alfven_plus,t2_momentum,8.673617379884035e-19,0.0,0.28346243857294734,3.059882439292546e-18
P120,alfven_plus,t1_induction,-40.717004103483895,-40.71700410348389,305.1151308977058,2.328769253984719e-17
P120,alfven_plus,t2_induction,-1.7763568394002505e-15,-0.0,305.1151308977058,5.8219231349617974e-18
P120,alfven_plus,energy,-14648.813563359874,-14648.813563359872,195337.3484596935,9.312041029988653e-18
P120,fast_plus,mass,-1.2601311616983021e-07,-1.2601311616983021e-07,2.768537277046066e-07,0.0
P120,fast_plus,normal_momentum,0.11087008049791248,0.1108700804979124,0.28346243857294734,2.937487141720844e-16
P120,fast_plus,t1_momentum,-0.012663733434307893,-0.012663733434307892,0.28346243857294734,6.119764878585092e-18
P120,fast_plus,t2_momentum,0.0,0.0,0.28346243857294734,0.0
P120,fast_plus,t1_induction,-150.2705177880703,-150.2705177880703,305.1151308977058,0.0
P120,fast_plus,t2_induction,-0.0,-0.0,305.1151308977058,0.0
P120,fast_plus,energy,-64579.568787886376,-64579.56878788627,195337.3484596935,5.587224617993191e-16
