case,UTC,elapsed_s,observed_display_peak_deg,predicted_conditional_fast_deg,model_minus_display_peak_deg,used_as_anchor
P080,2017-09-10T16:00:41.84Z,0.0,42.20000000000008,42.20000000000008,0.0,True
P080,2017-09-10T16:01:53.84Z,72.0,45.05000000000009,46.625136969934566,1.5751369699344764,False
P080,2017-09-10T16:03:05.85Z,144.01,49.7000000000001,51.050888542225984,1.3508885422258814,False
P080,2017-09-10T16:04:17.84Z,216.0,56.750000000000114,55.475410909803536,-1.274589090196578,False
P080,2017-09-10T16:05:29.84Z,288.0,57.95000000000012,59.90054787973803,1.9505478797379112,False
P100,2017-09-10T16:00:41.84Z,0.0,42.20000000000008,42.20000000000008,0.0,True
P100,2017-09-10T16:01:53.84Z,72.0,45.05000000000009,46.645362203601294,1.595362203601205,False
P100,2017-09-10T16:03:05.85Z,144.01,49.7000000000001,51.09134181861967,1.3913418186195656,False
P100,2017-09-10T16:04:17.84Z,216.0,56.750000000000114,55.536086610803714,-1.2139133891963994,False
P100,2017-09-10T16:05:29.84Z,288.0,57.95000000000012,59.98144881440493,2.0314488144048113,False
P120,2017-09-10T16:00:41.84Z,0.0,42.20000000000008,42.20000000000008,0.0,True
P120,2017-09-10T16:01:53.84Z,72.0,45.05000000000009,46.66543585927714,1.6154358592770492,False
P120,2017-09-10T16:03:05.85Z,144.01,49.7000000000001,51.13149191797909,1.4314919179789882,False
P120,2017-09-10T16:04:17.84Z,216.0,56.750000000000114,55.59630757783125,-1.1536924221688665,False
P120,2017-09-10T16:05:29.84Z,288.0,57.95000000000012,60.061743437108305,2.1117434371081885,False
