case,UTC,model_age_s,interface_theta_deg,family,structure,theta_left_deg,theta_right_deg
P080,2017-09-10T16:00:41.84Z,120.0,34.82477171677594,fast_minus,rarefaction,30.781720774990912,31.794365485839883
P080,2017-09-10T16:00:41.84Z,120.0,34.82477171677594,alfven_minus,rotation,36.58557234905897,36.58557234905897
P080,2017-09-10T16:00:41.84Z,120.0,34.82477171677594,slow_minus,shock,37.43343337038931,37.43343337038931
P080,2017-09-10T16:00:41.84Z,120.0,34.82477171677594,entropy,contact,37.73947944997311,37.73947944997311
P080,2017-09-10T16:00:41.84Z,120.0,34.82477171677594,slow_plus,rarefaction,38.21660304501218,38.21761892507561
P080,2017-09-10T16:00:41.84Z,120.0,34.82477171677594,alfven_plus,rotation,39.07705662961435,39.07705662961435
P080,2017-09-10T16:00:41.84Z,120.0,34.82477171677594,fast_plus,shock,42.20000000000008,42.20000000000008
P080,2017-09-10T16:01:53.84Z,192.0,34.82477171677594,fast_minus,rarefaction,28.355890209919895,29.97612174727825
P080,2017-09-10T16:01:53.84Z,192.0,34.82477171677594,alfven_minus,rotation,37.64205272842879,37.64205272842879
P080,2017-09-10T16:01:53.84Z,192.0,34.82477171677594,slow_minus,shock,38.99863036255733,38.99863036255733
P080,2017-09-10T16:01:53.84Z,192.0,34.82477171677594,entropy,contact,39.48830408989141,39.48830408989141
P080,2017-09-10T16:01:53.84Z,192.0,34.82477171677594,slow_plus,rarefaction,40.25170184195392,40.253327250055406
P080,2017-09-10T16:01:53.84Z,192.0,34.82477171677594,alfven_plus,rotation,41.628427577317396,41.628427577317396
P080,2017-09-10T16:01:53.84Z,192.0,34.82477171677594,fast_plus,shock,46.62513696993457,46.62513696993457
P080,2017-09-10T16:03:05.85Z,264.01,34.82477171677594,fast_minus,rarefaction,25.92972272393706,28.157625474864037
P080,2017-09-10T16:03:05.85Z,264.01,34.82477171677594,alfven_minus,rotation,38.69867984118462,38.69867984118462
P080,2017-09-10T16:03:05.85Z,264.01,34.82477171677594,slow_minus,shock,40.56404474319648,40.56404474319648
P080,2017-09-10T16:03:05.85Z,264.01,34.82477171677594,entropy,contact,41.23737162212081,41.23737162212081
P080,2017-09-10T16:03:05.85Z,264.01,34.82477171677594,slow_plus,rarefaction,42.28708329150634,42.28931831230257
P080,2017-09-10T16:03:05.85Z,264.01,34.82477171677594,alfven_plus,rotation,44.18015288209651,44.18015288209651
P080,2017-09-10T16:03:05.85Z,264.01,34.82477171677594,fast_plus,shock,51.05088854222599,51.05088854222599
P080,2017-09-10T16:04:17.84Z,336.0,34.82477171677594,fast_minus,rarefaction,23.504229079777858,26.33963427015498
P080,2017-09-10T16:04:17.84Z,336.0,34.82477171677594,alfven_minus,rotation,39.75501348716841,39.75501348716841
P080,2017-09-10T16:04:17.84Z,336.0,34.82477171677594,slow_minus,shock,42.12902434689337,42.12902434689337
P080,2017-09-10T16:04:17.84Z,336.0,34.82477171677594,entropy,contact,42.98595336972801,42.98595336972801
P080,2017-09-10T16:04:17.84Z,336.0,34.82477171677594,slow_plus,rarefaction,44.321899435837395,44.32474390001501
P080,2017-09-10T16:04:17.84Z,336.0,34.82477171677594,alfven_plus,rotation,46.73116947272349,46.73116947272349
P080,2017-09-10T16:04:17.84Z,336.0,34.82477171677594,fast_plus,shock,55.47541090980354,55.47541090980354
P080,2017-09-10T16:05:29.84Z,408.0,34.82477171677594,fast_minus,rarefaction,21.07839851470684,24.521390531593347
P080,2017-09-10T16:05:29.84Z,408.0,34.82477171677594,alfven_minus,rotation,40.81149386653823,40.81149386653823
P080,2017-09-10T16:05:29.84Z,408.0,34.82477171677594,slow_minus,shock,43.694221339061386,43.694221339061386
P080,2017-09-10T16:05:29.84Z,408.0,34.82477171677594,entropy,contact,44.73477800964631,44.73477800964631
P080,2017-09-10T16:05:29.84Z,408.0,34.82477171677594,slow_plus,rarefaction,46.356998232779134,46.36045222499481
P080,2017-09-10T16:05:29.84Z,408.0,34.82477171677594,alfven_plus,rotation,49.28254042042653,49.28254042042653
P080,2017-09-10T16:05:29.84Z,408.0,34.82477171677594,fast_plus,shock,59.90054787973803,59.90054787973803
P100,2017-09-10T16:00:41.84Z,120.0,34.79106299399806,fast_minus,rarefaction,30.696637070094145,31.757252446380328
P100,2017-09-10T16:00:41.84Z,120.0,34.79106299399806,alfven_minus,rotation,36.58235778877086,36.58235778877086
P100,2017-09-10T16:00:41.84Z,120.0,34.79106299399806,slow_minus,shock,37.41236921470177,37.41236921470177
P100,2017-09-10T16:00:41.84Z,120.0,34.79106299399806,entropy,contact,37.75880384059236,37.75880384059236
P100,2017-09-10T16:00:41.84Z,120.0,34.79106299399806,slow_plus,shock,38.23120597578854,38.23120597578854
P100,2017-09-10T16:00:41.84Z,120.0,34.79106299399806,alfven_plus,rotation,39.075052883852095,39.075052883852095
P100,2017-09-10T16:00:41.84Z,120.0,34.79106299399806,fast_plus,shock,42.20000000000008,42.20000000000008
P100,2017-09-10T16:01:53.84Z,192.0,34.79106299399806,fast_minus,rarefaction,28.239981515751793,29.93696611780969
P100,2017-09-10T16:01:53.84Z,192.0,34.79106299399806,alfven_minus,rotation,37.65713466563453,37.65713466563453
P100,2017-09-10T16:01:53.84Z,192.0,34.79106299399806,slow_minus,shock,38.98515294712399,38.98515294712399
P100,2017-09-10T16:01:53.84Z,192.0,34.79106299399806,entropy,contact,39.53944834854893,39.53944834854893
P100,2017-09-10T16:01:53.84Z,192.0,34.79106299399806,slow_plus,shock,40.29529176486283,40.29529176486283
P100,2017-09-10T16:01:53.84Z,192.0,34.79106299399806,alfven_plus,rotation,41.64544681776451,41.64544681776451
P100,2017-09-10T16:01:53.84Z,192.0,34.79106299399806,fast_plus,shock,46.64536220360129,46.64536220360129
P100,2017-09-10T16:03:05.85Z,264.01,34.79106299399806,fast_minus,rarefaction,25.782984759249118,28.116426971693414
P100,2017-09-10T16:03:05.85Z,264.01,34.79106299399806,alfven_minus,rotation,38.732060817064436,38.732060817064436
P100,2017-09-10T16:03:05.85Z,264.01,34.79106299399806,slow_minus,shock,40.558155121731275,40.558155121731275
P100,2017-09-10T16:03:05.85Z,264.01,34.79106299399806,entropy,contact,41.32034016824272,41.32034016824272
P100,2017-09-10T16:03:05.85Z,264.01,34.79106299399806,slow_plus,shock,42.35966423251894,42.35966423251894
P100,2017-09-10T16:03:05.85Z,264.01,34.79106299399806,alfven_plus,rotation,44.21619775083442,44.21619775083442
P100,2017-09-10T16:03:05.85Z,264.01,34.79106299399806,fast_plus,shock,51.09134181861967,51.09134181861967
P100,2017-09-10T16:04:17.84Z,336.0,34.79106299399806,fast_minus,rarefaction,23.32667040706709,26.296393460668412
P100,2017-09-10T16:04:17.84Z,336.0,34.79106299399806,alfven_minus,rotation,39.80668841936188,39.80668841936188
P100,2017-09-10T16:04:17.84Z,336.0,34.79106299399806,slow_minus,shock,42.13072041196844,42.13072041196844
P100,2017-09-10T16:04:17.84Z,336.0,34.79106299399806,entropy,contact,43.10073736446208,43.10073736446208
P100,2017-09-10T16:04:17.84Z,336.0,34.79106299399806,slow_plus,shock,44.42346334301141,44.42346334301141
P100,2017-09-10T16:04:17.84Z,336.0,34.79106299399806,alfven_plus,rotation,46.78623468558935,46.78623468558935
P100,2017-09-10T16:04:17.84Z,336.0,34.79106299399806,fast_plus,shock,55.53608661080371,55.53608661080371
P100,2017-09-10T16:05:29.84Z,408.0,34.79106299399806,fast_minus,rarefaction,20.870014852724744,24.476107132097773
P100,2017-09-10T16:05:29.84Z,408.0,34.79106299399806,alfven_minus,rotation,40.881465296225564,40.881465296225564
P100,2017-09-10T16:05:29.84Z,408.0,34.79106299399806,slow_minus,shock,43.703504144390664,43.703504144390664
P100,2017-09-10T16:05:29.84Z,408.0,34.79106299399806,entropy,contact,44.88138187241866,44.88138187241866
P100,2017-09-10T16:05:29.84Z,408.0,34.79106299399806,slow_plus,shock,46.487549132085704,46.487549132085704
P100,2017-09-10T16:05:29.84Z,408.0,34.79106299399806,alfven_plus,rotation,49.35662861950177,49.35662861950177
P100,2017-09-10T16:05:29.84Z,408.0,34.79106299399806,fast_plus,shock,59.98144881440492,59.98144881440492
P120,2017-09-10T16:00:41.84Z,120.0,34.75760690120499,fast_minus,rarefaction,30.612156956820947,31.720398569876558
P120,2017-09-10T16:00:41.84Z,120.0,34.75760690120499,alfven_minus,rotation,36.57928786245626,36.57928786245626
P120,2017-09-10T16:00:41.84Z,120.0,34.75760690120499,slow_minus,shock,37.392865110987614,37.392865110987614
P120,2017-09-10T16:00:41.84Z,120.0,34.75760690120499,entropy,contact,37.776142421332175,37.776142421332175
P120,2017-09-10T16:00:41.84Z,120.0,34.75760690120499,slow_plus,shock,38.244217918623264,38.244217918623264
P120,2017-09-10T16:00:41.84Z,120.0,34.75760690120499,alfven_plus,rotation,39.07302265006004,39.07302265006004
P120,2017-09-10T16:00:41.84Z,120.0,34.75760690120499,fast_plus,shock,42.20000000000008,42.20000000000008
P120,2017-09-10T16:01:53.84Z,192.0,34.75760690120499,fast_minus,rarefaction,28.12488699019052,29.898073571079497
P120,2017-09-10T16:01:53.84Z,192.0,34.75760690120499,alfven_minus,rotation,37.67229643920703,37.67229643920703
P120,2017-09-10T16:01:53.84Z,192.0,34.75760690120499,slow_minus,shock,38.9740200368572,38.9740200368572
P120,2017-09-10T16:01:53.84Z,192.0,34.75760690120499,entropy,contact,39.587263733408484,39.587263733408484
P120,2017-09-10T16:01:53.84Z,192.0,34.75760690120499,slow_plus,shock,40.336184529074224,40.336184529074224
P120,2017-09-10T16:01:53.84Z,192.0,34.75760690120499,alfven_plus,rotation,41.66227209937307,41.66227209937307
P120,2017-09-10T16:01:53.84Z,192.0,34.75760690120499,fast_plus,shock,46.66543585927714,46.66543585927714
P120,2017-09-10T16:03:05.85Z,264.01,34.75760690120499,fast_minus,rarefaction,25.637271569398067,28.075495471588162
P120,2017-09-10T16:03:05.85Z,264.01,34.75760690120499,alfven_minus,rotation,38.765456822704564,38.765456822704564
P120,2017-09-10T16:03:05.85Z,264.01,34.75760690120499,slow_minus,shock,40.555394567577586,40.555394567577586
P120,2017-09-10T16:03:05.85Z,264.01,34.75760690120499,entropy,contact,41.39863659011148,41.39863659011148
P120,2017-09-10T16:03:05.85Z,264.01,34.75760690120499,slow_plus,shock,42.42844169044331,42.42844169044331
P120,2017-09-10T16:03:05.85Z,264.01,34.75760690120499,alfven_plus,rotation,44.25188116666517,44.25188116666517
P120,2017-09-10T16:03:05.85Z,264.01,34.75760690120499,fast_plus,shock,51.13149191797909,51.13149191797909
P120,2017-09-10T16:04:17.84Z,336.0,34.75760690120499,fast_minus,rarefaction,23.15034705692967,26.253423573485378
P120,2017-09-10T16:04:17.84Z,336.0,34.75760690120499,alfven_minus,rotation,39.85831359270856,39.85831359270856
P120,2017-09-10T16:04:17.84Z,336.0,34.75760690120499,slow_minus,shock,42.13632988859635,42.13632988859635
P120,2017-09-10T16:04:17.84Z,336.0,34.75760690120499,entropy,contact,43.20950635756111,43.20950635756111
P120,2017-09-10T16:04:17.84Z,336.0,34.75760690120499,slow_plus,shock,44.52011774997615,44.52011774997615
P120,2017-09-10T16:04:17.84Z,336.0,34.75760690120499,alfven_plus,rotation,46.84077099799914,46.84077099799914
P120,2017-09-10T16:04:17.84Z,336.0,34.75760690120499,fast_plus,shock,55.59630757783125,55.59630757783125
P120,2017-09-10T16:05:29.84Z,408.0,34.75760690120499,fast_minus,rarefaction,20.663077090299247,24.43109857468832
P120,2017-09-10T16:05:29.84Z,408.0,34.75760690120499,alfven_minus,rotation,40.95132216945933,40.95132216945933
P120,2017-09-10T16:05:29.84Z,408.0,34.75760690120499,slow_minus,shock,43.71748481446593,43.71748481446593
P120,2017-09-10T16:05:29.84Z,408.0,34.75760690120499,entropy,contact,45.02062766963742,45.02062766963742
P120,2017-09-10T16:05:29.84Z,408.0,34.75760690120499,slow_plus,shock,46.61208436042712,46.61208436042712
P120,2017-09-10T16:05:29.84Z,408.0,34.75760690120499,alfven_plus,rotation,49.43002044731217,49.43002044731217
P120,2017-09-10T16:05:29.84Z,408.0,34.75760690120499,fast_plus,shock,60.061743437108305,60.061743437108305
