UTC,halfwidth_deg,sigma_deg,peak_angle_deg,peak_delta_display_levels,rear_min_angle_deg,rear_min_delta_display_levels,rear_min_change_from_155105_display_levels
2017-09-10T16:00:41.84Z,0.75,0.3,42.20000000000008,7.350933735478435,35.30000000000007,-6.690149090766795,6.58156154233906
2017-09-10T16:01:53.84Z,0.75,0.3,44.90000000000009,9.362698151008459,30.950000000000053,-6.4887624230871666,7.253176921316225
2017-09-10T16:03:05.85Z,0.75,0.3,37.85000000000007,5.433494377266655,31.100000000000055,-5.9582280426973,0.7214768327256706
2017-09-10T16:04:17.84Z,0.75,0.3,57.05000000000012,4.396135090044595,44.000000000000085,-4.289241001935125,11.505815713726307
2017-09-10T16:05:29.84Z,0.75,0.3,57.95000000000012,8.509427099938435,42.35000000000008,-5.52747583045992,12.713187362129204
2017-09-10T16:00:41.84Z,0.75,0.6,42.20000000000008,6.436723027056985,27.350000000000044,-5.922613224134409,17.459638739711366
2017-09-10T16:01:53.84Z,0.75,0.6,45.35000000000009,8.839637438953176,31.100000000000055,-5.952643973409536,6.884711238297669
2017-09-10T16:03:05.85Z,0.75,0.6,49.100000000000094,4.708989661328346,31.100000000000055,-5.290345541828756,1.5943656964689126
2017-09-10T16:04:17.84Z,0.75,0.6,56.750000000000114,3.4716501451522817,44.150000000000084,-3.6291137136697955,12.56007172844538
2017-09-10T16:05:29.84Z,0.75,0.6,58.10000000000012,6.785190397844261,42.35000000000008,-4.94563142030465,12.140884577100238
2017-09-10T16:00:41.84Z,0.75,0.9,42.20000000000008,5.8067478194827515,27.350000000000044,-5.597542689429247,16.53811794793738
2017-09-10T16:01:53.84Z,0.75,0.9,45.20000000000009,8.50026710150587,30.950000000000053,-5.774259891499014,7.36875460955261
2017-09-10T16:03:05.85Z,0.75,0.9,49.2500000000001,4.510465136454911,31.100000000000055,-4.97826210664924,2.664778492558412
2017-09-10T16:04:17.84Z,0.75,0.9,56.600000000000115,2.980220811038592,44.30000000000008,-3.292613493744284,13.720757902170519
2017-09-10T16:05:29.84Z,0.75,0.9,58.10000000000012,5.469458750187485,44.45000000000009,-4.6978496681579855,9.336021360476678
2017-09-10T16:00:41.84Z,1.125,0.3,42.20000000000008,7.472731805485239,31.250000000000057,-6.334692508605457,12.096638095317985
2017-09-10T16:01:53.84Z,1.125,0.3,44.90000000000009,9.336340547944658,37.40000000000007,-6.2990520609448595,4.590236158838309
2017-09-10T16:03:05.85Z,1.125,0.3,49.4000000000001,5.587294980129258,31.100000000000055,-6.0434158201234,0.9995959655877442
2017-09-10T16:04:17.84Z,1.125,0.3,57.05000000000012,4.2619022457514575,44.000000000000085,-4.284800559573199,11.50945644145942
2017-09-10T16:05:29.84Z,1.125,0.3,57.95000000000012,8.960622737732407,42.35000000000008,-5.522627194149322,12.24232129978897
2017-09-10T16:00:41.84Z,1.125,0.6,42.20000000000008,6.522683848390571,27.350000000000044,-5.788306210884059,17.97788999098171
2017-09-10T16:01:53.84Z,1.125,0.6,45.20000000000009,8.645985754504466,31.100000000000055,-5.70446597244451,7.0560994473262895
2017-09-10T16:03:05.85Z,1.125,0.6,49.5500000000001,4.973494265219557,30.950000000000053,-5.291422283522223,1.5638948569384183
2017-09-10T16:04:17.84Z,1.125,0.6,56.750000000000114,3.3803154017354444,44.150000000000084,-3.518871027001353,12.559114502469043
2017-09-10T16:05:29.84Z,1.125,0.6,58.10000000000012,7.1171997747600955,44.750000000000085,-5.107274788593529,9.453747393720548
2017-09-10T16:00:41.84Z,1.125,0.9,42.20000000000008,5.921313347210287,27.350000000000044,-5.481141811647959,17.017162475396773
2017-09-10T16:01:53.84Z,1.125,0.9,45.20000000000009,8.280107603142113,30.950000000000053,-5.568199497263819,7.363037021764384
2017-09-10T16:03:05.85Z,1.125,0.9,49.5500000000001,4.603883155215897,30.800000000000054,-4.914464713822042,2.2857203716566374
2017-09-10T16:04:17.84Z,1.125,0.9,56.600000000000115,2.839861160772003,44.150000000000084,-3.1486014021690636,13.312911410285864
2017-09-10T16:05:29.84Z,1.125,0.9,58.10000000000012,5.72181200951654,44.45000000000009,-4.8300260842663505,9.010765618552355
2017-09-10T16:00:41.84Z,1.5,0.3,42.20000000000008,7.15115960721954,27.500000000000046,-6.5301412980397515,19.55576244827428
2017-09-10T16:01:53.84Z,1.5,0.3,44.90000000000009,9.258657879708664,32.150000000000055,-6.305785287234102,9.965971103870807
2017-09-10T16:03:05.85Z,1.5,0.3,37.85000000000007,5.433494377266655,31.100000000000055,-6.093028932659081,1.0655987633368227
2017-09-10T16:04:17.84Z,1.5,0.3,57.05000000000012,4.339677886969568,44.000000000000085,-4.28648935135935,11.515060443800039
2017-09-10T16:05:29.84Z,1.5,0.3,57.95000000000012,8.391108867776367,42.35000000000008,-5.572204322437443,11.712180296520444
2017-09-10T16:00:41.84Z,1.5,0.6,42.20000000000008,6.281307143934825,27.350000000000044,-5.7919952490596955,18.247790672755244
2017-09-10T16:01:53.84Z,1.5,0.6,45.05000000000009,8.50911530683527,31.250000000000057,-5.744576950682273,7.288577898732896
2017-09-10T16:03:05.85Z,1.5,0.6,49.7000000000001,4.4097854683544,30.950000000000053,-5.300405614337308,1.5838669087931834
2017-09-10T16:04:17.84Z,1.5,0.6,56.750000000000114,3.4424838177240105,44.150000000000084,-3.5919201548822883,12.37137858797071
2017-09-10T16:05:29.84Z,1.5,0.6,57.95000000000012,6.629363871844376,44.750000000000085,-5.077860319633885,8.769127642616525
2017-09-10T16:00:41.84Z,1.5,0.9,42.20000000000008,5.774427026703307,27.350000000000044,-5.428764613329264,17.194398552695304
2017-09-10T16:01:53.84Z,1.5,0.9,45.05000000000009,8.169757503917083,30.950000000000053,-5.616305735127241,7.355179211564277
2017-09-10T16:03:05.85Z,1.5,0.9,49.5500000000001,4.1696244031493706,30.650000000000055,-4.868601858283114,2.2476448960670012
2017-09-10T16:04:17.84Z,1.5,0.9,56.45000000000012,2.8941766564258558,44.30000000000008,-3.2726904977954234,13.133461422795392
2017-09-10T16:05:29.84Z,1.5,0.9,58.10000000000012,5.423805271559658,44.45000000000009,-4.7938906534442225,8.552814520484759
