file,extra_dx_arcsec,extra_dy_arcsec,fraction_of_B_sampling_grid,centre_ray_fraction,sample_count,sample_total,first_sample_time_UTC,last_sample_end_UTC,slit_columns,x_left,x_right,y_bottom,y_top
eis_20170910_152436.head.h5,12,-6,0.0,0.0,0,605,,,,944.2457567453384,1183.8617502450943,-373.4757995605469,-69.47579956054688
eis_20170910_152436.head.h5,12,0,0.0,0.0,0,605,,,,944.2457567453384,1183.8617502450943,-367.4757995605469,-63.475799560546875
eis_20170910_152436.head.h5,12,6,0.0049586776859504135,0.0,3,605,2017-09-10T15:24:36,2017-09-10T15:24:41.000390,79,944.2457567453384,1183.8617502450943,-361.4757995605469,-57.475799560546875
eis_20170910_152436.head.h5,18,-6,0.011570247933884297,0.0,7,605,2017-09-10T15:24:36,2017-09-10T15:24:47.705427,78;79,950.2457567453384,1189.8617502450943,-373.4757995605469,-69.47579956054688
eis_20170910_152436.head.h5,18,0,0.01652892561983471,0.0,10,605,2017-09-10T15:24:36,2017-09-10T15:24:47.705427,78;79,950.2457567453384,1189.8617502450943,-367.4757995605469,-63.475799560546875
eis_20170910_152436.head.h5,18,6,0.024793388429752067,0.0,15,605,2017-09-10T15:24:36,2017-09-10T15:24:54.340396,77;78;79,950.2457567453384,1189.8617502450943,-361.4757995605469,-57.475799560546875
eis_20170910_152436.head.h5,24,-6,0.03966942148760331,0.0,24,605,2017-09-10T15:24:36,2017-09-10T15:25:01.073693,76;77;78;79,956.2457567453384,1195.8617502450943,-373.4757995605469,-69.47579956054688
eis_20170910_152436.head.h5,24,0,0.0512396694214876,0.01652892561983471,31,605,2017-09-10T15:24:36,2017-09-10T15:25:01.073693,76;77;78;79,956.2457567453384,1195.8617502450943,-367.4757995605469,-63.475799560546875
eis_20170910_152436.head.h5,24,6,0.06446280991735537,0.04132231404958678,39,605,2017-09-10T15:24:36,2017-09-10T15:25:07.726619,75;76;77;78;79,956.2457567453384,1195.8617502450943,-361.4757995605469,-57.475799560546875
eis_20170910_153331.head.h5,12,-6,0.0,0.0,0,605,,,,944.3251034021378,1183.9410969018936,-373.6656799316406,-69.66567993164062
eis_20170910_153331.head.h5,12,0,0.0,0.0,0,605,,,,944.3251034021378,1183.9410969018936,-367.6656799316406,-63.665679931640625
eis_20170910_153331.head.h5,12,6,0.0049586776859504135,0.0,3,605,2017-09-10T15:33:31,2017-09-10T15:33:36.000419,79,944.3251034021378,1183.9410969018936,-361.6656799316406,-57.665679931640625
eis_20170910_153331.head.h5,18,-6,0.011570247933884297,0.0,7,605,2017-09-10T15:33:31,2017-09-10T15:33:42.772360,78;79,950.3251034021378,1189.9410969018936,-373.6656799316406,-69.66567993164062
eis_20170910_153331.head.h5,18,0,0.01652892561983471,0.0,10,605,2017-09-10T15:33:31,2017-09-10T15:33:42.772360,78;79,950.3251034021378,1189.9410969018936,-367.6656799316406,-63.665679931640625
eis_20170910_153331.head.h5,18,6,0.024793388429752067,0.0,15,605,2017-09-10T15:33:31,2017-09-10T15:33:49.412846,77;78;79,950.3251034021378,1189.9410969018936,-361.6656799316406,-57.665679931640625
eis_20170910_153331.head.h5,24,-6,0.03966942148760331,0.0,24,605,2017-09-10T15:33:31,2017-09-10T15:33:56.010405,76;77;78;79,956.3251034021378,1195.9410969018936,-373.6656799316406,-69.66567993164062
eis_20170910_153331.head.h5,24,0,0.0512396694214876,0.01652892561983471,31,605,2017-09-10T15:33:31,2017-09-10T15:33:56.010405,76;77;78;79,956.3251034021378,1195.9410969018936,-367.6656799316406,-63.665679931640625
eis_20170910_153331.head.h5,24,6,0.06446280991735537,0.04132231404958678,39,605,2017-09-10T15:33:31,2017-09-10T15:34:02.750385,75;76;77;78;79,956.3251034021378,1195.9410969018936,-361.6656799316406,-57.665679931640625
eis_20170910_154226.head.h5,12,-6,0.0,0.0,0,605,,,,944.2937322854996,1183.9097257852554,-373.58367919921875,-69.58367919921875
eis_20170910_154226.head.h5,12,0,0.0,0.0,0,605,,,,944.2937322854996,1183.9097257852554,-367.58367919921875,-63.58367919921875
eis_20170910_154226.head.h5,12,6,0.0049586776859504135,0.0,3,605,2017-09-10T15:42:26,2017-09-10T15:42:31.000504,79,944.2937322854996,1183.9097257852554,-361.58367919921875,-57.58367919921875
eis_20170910_154226.head.h5,18,-6,0.011570247933884297,0.0,7,605,2017-09-10T15:42:26,2017-09-10T15:42:37.687699,78;79,950.2937322854996,1189.9097257852554,-373.58367919921875,-69.58367919921875
eis_20170910_154226.head.h5,18,0,0.01652892561983471,0.0,10,605,2017-09-10T15:42:26,2017-09-10T15:42:37.687699,78;79,950.2937322854996,1189.9097257852554,-367.58367919921875,-63.58367919921875
eis_20170910_154226.head.h5,18,6,0.024793388429752067,0.0,15,605,2017-09-10T15:42:26,2017-09-10T15:42:44.271007,77;78;79,950.2937322854996,1189.9097257852554,-361.58367919921875,-57.58367919921875
eis_20170910_154226.head.h5,24,-6,0.03966942148760331,0.0,24,605,2017-09-10T15:42:26,2017-09-10T15:42:51.008211,76;77;78;79,956.2937322854996,1195.9097257852554,-373.58367919921875,-69.58367919921875
eis_20170910_154226.head.h5,24,0,0.0512396694214876,0.01652892561983471,31,605,2017-09-10T15:42:26,2017-09-10T15:42:51.008211,76;77;78;79,956.2937322854996,1195.9097257852554,-367.58367919921875,-63.58367919921875
eis_20170910_154226.head.h5,24,6,0.06446280991735537,0.04132231404958678,39,605,2017-09-10T15:42:26,2017-09-10T15:42:57.727112,75;76;77;78;79,956.2937322854996,1195.9097257852554,-361.58367919921875,-57.58367919921875
eis_20170910_155121.head.h5,12,-6,0.0,0.0,0,605,,,,944.3294998407364,1183.9454933404922,-373.6520080566406,-69.65200805664062
eis_20170910_155121.head.h5,12,0,0.0,0.0,0,605,,,,944.3294998407364,1183.9454933404922,-367.6520080566406,-63.652008056640625
eis_20170910_155121.head.h5,12,6,0.0049586776859504135,0.0,3,605,2017-09-10T15:51:21,2017-09-10T15:51:26.000254,79,944.3294998407364,1183.9454933404922,-361.6520080566406,-57.652008056640625
eis_20170910_155121.head.h5,18,-6,0.011570247933884297,0.0,7,605,2017-09-10T15:51:21,2017-09-10T15:51:32.776778,78;79,950.3294998407364,1189.9454933404922,-373.6520080566406,-69.65200805664062
eis_20170910_155121.head.h5,18,0,0.01652892561983471,0.0,10,605,2017-09-10T15:51:21,2017-09-10T15:51:32.776778,78;79,950.3294998407364,1189.9454933404922,-367.6520080566406,-63.652008056640625
eis_20170910_155121.head.h5,18,6,0.024793388429752067,0.0,15,605,2017-09-10T15:51:21,2017-09-10T15:51:39.434462,77;78;79,950.3294998407364,1189.9454933404922,-361.6520080566406,-57.652008056640625
eis_20170910_155121.head.h5,24,-6,0.03966942148760331,0.0,24,605,2017-09-10T15:51:21,2017-09-10T15:51:46.055730,76;77;78;79,956.3294998407364,1195.9454933404922,-373.6520080566406,-69.65200805664062
eis_20170910_155121.head.h5,24,0,0.0512396694214876,0.01652892561983471,31,605,2017-09-10T15:51:21,2017-09-10T15:51:46.055730,76;77;78;79,956.3294998407364,1195.9454933404922,-367.6520080566406,-63.652008056640625
eis_20170910_155121.head.h5,24,6,0.06446280991735537,0.04132231404958678,39,605,2017-09-10T15:51:21,2017-09-10T15:51:52.820591,75;76;77;78;79,956.3294998407364,1195.9454933404922,-361.6520080566406,-57.652008056640625
eis_20170910_160016.head.h5,12,-6,0.0,0.0,0,605,,,,944.3602625131607,1183.9762560129166,-373.54705810546875,-69.54705810546875
eis_20170910_160016.head.h5,12,0,0.0,0.0,0,605,,,,944.3602625131607,1183.9762560129166,-367.54705810546875,-63.54705810546875
eis_20170910_160016.head.h5,12,6,0.0049586776859504135,0.0,3,605,2017-09-10T16:00:16,2017-09-10T16:00:20.999458,79,944.3602625131607,1183.9762560129166,-361.54705810546875,-57.54705810546875
eis_20170910_160016.head.h5,18,-6,0.011570247933884297,0.0,7,605,2017-09-10T16:00:16,2017-09-10T16:00:27.717152,78;79,950.3602625131607,1189.9762560129166,-373.54705810546875,-69.54705810546875
eis_20170910_160016.head.h5,18,0,0.01818181818181818,0.0,11,605,2017-09-10T16:00:16,2017-09-10T16:00:27.717152,78;79,950.3602625131607,1189.9762560129166,-367.54705810546875,-63.54705810546875
eis_20170910_160016.head.h5,18,6,0.026446280991735537,0.0,16,605,2017-09-10T16:00:16,2017-09-10T16:00:34.340108,77;78;79,950.3602625131607,1189.9762560129166,-361.54705810546875,-57.54705810546875
eis_20170910_160016.head.h5,24,-6,0.03966942148760331,0.0,24,605,2017-09-10T16:00:16,2017-09-10T16:00:41.022413,76;77;78;79,956.3602625131607,1195.9762560129166,-373.54705810546875,-69.54705810546875
eis_20170910_160016.head.h5,24,0,0.0512396694214876,0.01652892561983471,31,605,2017-09-10T16:00:16,2017-09-10T16:00:41.022413,76;77;78;79,956.3602625131607,1195.9762560129166,-367.54705810546875,-63.54705810546875
eis_20170910_160016.head.h5,24,6,0.06446280991735537,0.04132231404958678,39,605,2017-09-10T16:00:16,2017-09-10T16:00:47.708706,75;76;77;78;79,956.3602625131607,1195.9762560129166,-361.54705810546875,-57.54705810546875
eis_20170910_160911.head.h5,12,-6,0.0,0.0,0,605,,,,944.2701765298843,1183.8861700296402,-373.51312255859375,-69.51312255859375
eis_20170910_160911.head.h5,12,0,0.0,0.0,0,605,,,,944.2701765298843,1183.8861700296402,-367.51312255859375,-63.51312255859375
eis_20170910_160911.head.h5,12,6,0.0049586776859504135,0.0,3,605,2017-09-10T16:09:11,2017-09-10T16:09:15.999909,79,944.2701765298843,1183.8861700296402,-361.51312255859375,-57.51312255859375
eis_20170910_160911.head.h5,18,-6,0.011570247933884297,0.0,7,605,2017-09-10T16:09:11,2017-09-10T16:09:22.758485,78;79,950.2701765298843,1189.8861700296402,-373.51312255859375,-69.51312255859375
eis_20170910_160911.head.h5,18,0,0.01652892561983471,0.0,10,605,2017-09-10T16:09:11,2017-09-10T16:09:22.758485,78;79,950.2701765298843,1189.8861700296402,-367.51312255859375,-63.51312255859375
eis_20170910_160911.head.h5,18,6,0.024793388429752067,0.0,15,605,2017-09-10T16:09:11,2017-09-10T16:09:29.436148,77;78;79,950.2701765298843,1189.8861700296402,-361.51312255859375,-57.51312255859375
eis_20170910_160911.head.h5,24,-6,0.03966942148760331,0.0,24,605,2017-09-10T16:09:11,2017-09-10T16:09:36.063911,76;77;78;79,956.2701765298843,1195.8861700296402,-373.51312255859375,-69.51312255859375
eis_20170910_160911.head.h5,24,0,0.0512396694214876,0.01652892561983471,31,605,2017-09-10T16:09:11,2017-09-10T16:09:36.063911,76;77;78;79,956.2701765298843,1195.8861700296402,-367.51312255859375,-63.51312255859375
eis_20170910_160911.head.h5,24,6,0.06446280991735537,0.04132231404958678,39,605,2017-09-10T16:09:11,2017-09-10T16:09:42.838223,75;76;77;78;79,956.2701765298843,1195.8861700296402,-361.51312255859375,-57.51312255859375
