file,column,x_arcsec,time_start_UTC,duration_s,time_mid_UTC,valid_exposure
eis_20170910_152436.head.h5,0,933.7433567047119,2017-09-10T15:33:22.867,4.999445915222168,2017-09-10T15:33:25.366723,True
eis_20170910_152436.head.h5,1,936.7385566234589,2017-09-10T15:33:16.225,5.0003252029418945,2017-09-10T15:33:18.725163,True
eis_20170910_152436.head.h5,2,939.7337565422058,2017-09-10T15:33:09.441,4.999399185180664,2017-09-10T15:33:11.940700,True
eis_20170910_152436.head.h5,3,942.7289564609528,2017-09-10T15:33:02.848,5.000179767608643,2017-09-10T15:33:05.348090,True
eis_20170910_152436.head.h5,4,945.7241563796997,2017-09-10T15:32:56.176,5.000208854675293,2017-09-10T15:32:58.676104,True
eis_20170910_152436.head.h5,5,948.7193562984467,2017-09-10T15:32:49.439,4.999773025512695,2017-09-10T15:32:51.938887,True
eis_20170910_152436.head.h5,6,951.7145562171936,2017-09-10T15:32:42.852,4.999604225158691,2017-09-10T15:32:45.351802,True
eis_20170910_152436.head.h5,7,954.7097561359406,2017-09-10T15:32:36.170,4.999512195587158,2017-09-10T15:32:38.669756,True
eis_20170910_152436.head.h5,8,957.7049560546875,2017-09-10T15:32:29.480,5.000411033630371,2017-09-10T15:32:31.980206,True
eis_20170910_152436.head.h5,9,960.7001559734344,2017-09-10T15:32:22.861,4.999567985534668,2017-09-10T15:32:25.360784,True
eis_20170910_152436.head.h5,10,963.6953558921814,2017-09-10T15:32:16.152,5.0001420974731445,2017-09-10T15:32:18.652071,True
eis_20170910_152436.head.h5,11,966.6905558109283,2017-09-10T15:32:09.408,5.000609874725342,2017-09-10T15:32:11.908305,True
eis_20170910_152436.head.h5,12,969.6857557296753,2017-09-10T15:32:02.824,4.99958610534668,2017-09-10T15:32:05.323793,True
eis_20170910_152436.head.h5,13,972.6809556484222,2017-09-10T15:31:56.184,5.000333786010742,2017-09-10T15:31:58.684167,True
eis_20170910_152436.head.h5,14,975.6761555671692,2017-09-10T15:31:49.420,5.0002570152282715,2017-09-10T15:31:51.920129,True
eis_20170910_152436.head.h5,15,978.6713554859161,2017-09-10T15:31:42.814,5.0005412101745605,2017-09-10T15:31:45.314271,True
eis_20170910_152436.head.h5,16,981.6665554046631,2017-09-10T15:31:36.176,4.999364852905273,2017-09-10T15:31:38.675682,True
eis_20170910_152436.head.h5,17,984.66175532341,2017-09-10T15:31:29.393,4.999797821044922,2017-09-10T15:31:31.892899,True
eis_20170910_152436.head.h5,18,987.656955242157,2017-09-10T15:31:22.803,5.0003461837768555,2017-09-10T15:31:25.303173,True
eis_20170910_152436.head.h5,19,990.6521551609039,2017-09-10T15:31:16.137,5.000421047210693,2017-09-10T15:31:18.637211,True
eis_20170910_152436.head.h5,20,993.6473550796509,2017-09-10T15:31:09.395,5.00041389465332,2017-09-10T15:31:11.895207,True
eis_20170910_152436.head.h5,21,996.6425549983978,2017-09-10T15:31:02.807,4.99976110458374,2017-09-10T15:31:05.306881,True
eis_20170910_152436.head.h5,22,999.6377549171448,2017-09-10T15:30:56.174,5.000173091888428,2017-09-10T15:30:58.674087,True
eis_20170910_152436.head.h5,23,1002.6329548358917,2017-09-10T15:30:49.402,5.000140190124512,2017-09-10T15:30:51.902070,True
eis_20170910_152436.head.h5,24,1005.6281547546387,2017-09-10T15:30:42.787,5.000176906585693,2017-09-10T15:30:45.287088,True
eis_20170910_152436.head.h5,25,1008.6233546733856,2017-09-10T15:30:36.133,4.999486923217773,2017-09-10T15:30:38.632743,True
eis_20170910_152436.head.h5,26,1011.6185545921326,2017-09-10T15:30:29.389,4.999989986419678,2017-09-10T15:30:31.888995,True
eis_20170910_152436.head.h5,27,1014.6137545108795,2017-09-10T15:30:22.801,5.000700950622559,2017-09-10T15:30:25.301350,True
eis_20170910_152436.head.h5,28,1017.6089544296265,2017-09-10T15:30:16.105,5.000577926635742,2017-09-10T15:30:18.605289,True
eis_20170910_152436.head.h5,29,1020.6041543483734,2017-09-10T15:30:09.434,5.000675201416016,2017-09-10T15:30:11.934338,True
eis_20170910_152436.head.h5,30,1023.5993542671204,2017-09-10T15:30:02.826,5.000814914703369,2017-09-10T15:30:05.326407,True
eis_20170910_152436.head.h5,31,1026.5945541858673,2017-09-10T15:29:56.182,5.000782012939453,2017-09-10T15:29:58.682391,True
eis_20170910_152436.head.h5,32,1029.5897541046143,2017-09-10T15:29:49.400,5.000861167907715,2017-09-10T15:29:51.900431,True
eis_20170910_152436.head.h5,33,1032.5849540233612,2017-09-10T15:29:42.805,4.999779224395752,2017-09-10T15:29:45.304890,True
eis_20170910_152436.head.h5,34,1035.5801539421082,2017-09-10T15:29:36.135,5.00062894821167,2017-09-10T15:29:38.635314,True
eis_20170910_152436.head.h5,35,1038.575353860855,2017-09-10T15:29:29.391,5.000347137451172,2017-09-10T15:29:31.891174,True
eis_20170910_152436.head.h5,36,1041.570553779602,2017-09-10T15:29:22.803,4.999805927276611,2017-09-10T15:29:25.302903,True
eis_20170910_152436.head.h5,37,1044.565753698349,2017-09-10T15:29:16.174,4.999730110168457,2017-09-10T15:29:18.673865,True
eis_20170910_152436.head.h5,38,1047.560953617096,2017-09-10T15:29:09.402,5.000235080718994,2017-09-10T15:29:11.902118,True
eis_20170910_152436.head.h5,39,1050.556153535843,2017-09-10T15:29:02.795,4.999971866607666,2017-09-10T15:29:05.294986,True
eis_20170910_152436.head.h5,40,1053.5513534545898,2017-09-10T15:28:56.084,4.999640941619873,2017-09-10T15:28:58.583820,True
eis_20170910_152436.head.h5,41,1056.5465533733368,2017-09-10T15:28:49.344,5.000368118286133,2017-09-10T15:28:51.844184,True
eis_20170910_152436.head.h5,42,1059.5417532920837,2017-09-10T15:28:42.754,5.000495910644531,2017-09-10T15:28:45.254248,True
eis_20170910_152436.head.h5,43,1062.5369532108307,2017-09-10T15:28:36.064,5.000295162200928,2017-09-10T15:28:38.564148,True
eis_20170910_152436.head.h5,44,1065.5321531295776,2017-09-10T15:28:29.395,5.000372886657715,2017-09-10T15:28:31.895186,True
eis_20170910_152436.head.h5,45,1068.5273530483246,2017-09-10T15:28:22.787,4.999733924865723,2017-09-10T15:28:25.286867,True
eis_20170910_152436.head.h5,46,1071.5225529670715,2017-09-10T15:28:16.193,5.000907897949219,2017-09-10T15:28:18.693454,True
eis_20170910_152436.head.h5,47,1074.5177528858185,2017-09-10T15:28:09.410,4.999688148498535,2017-09-10T15:28:11.909844,True
eis_20170910_152436.head.h5,48,1077.5129528045654,2017-09-10T15:28:02.770,5.000757217407227,2017-09-10T15:28:05.270379,True
eis_20170910_152436.head.h5,49,1080.5081527233124,2017-09-10T15:27:56.104,4.999629020690918,2017-09-10T15:27:58.603815,True
eis_20170910_152436.head.h5,50,1083.5033526420593,2017-09-10T15:27:49.357,5.000380039215088,2017-09-10T15:27:51.857190,True
eis_20170910_152436.head.h5,51,1086.4985525608063,2017-09-10T15:27:42.770,4.999420166015625,2017-09-10T15:27:45.269710,True
eis_20170910_152436.head.h5,52,1089.4937524795532,2017-09-10T15:27:36.135,4.999932765960693,2017-09-10T15:27:38.634966,True
eis_20170910_152436.head.h5,53,1092.4889523983002,2017-09-10T15:27:29.365,5.000834941864014,2017-09-10T15:27:31.865417,True
eis_20170910_152436.head.h5,54,1095.4841523170471,2017-09-10T15:27:22.760,5.000120162963867,2017-09-10T15:27:25.260060,True
eis_20170910_152436.head.h5,55,1098.479352235794,2017-09-10T15:27:16.049,5.000140190124512,2017-09-10T15:27:18.549070,True
eis_20170910_152436.head.h5,56,1101.474552154541,2017-09-10T15:27:09.305,4.999635219573975,2017-09-10T15:27:11.804818,True
eis_20170910_152436.head.h5,57,1104.469752073288,2017-09-10T15:27:02.719,5.00045919418335,2017-09-10T15:27:05.219230,True
eis_20170910_152436.head.h5,58,1107.464951992035,2017-09-10T15:26:56.086,5.000748157501221,2017-09-10T15:26:58.586374,True
eis_20170910_152436.head.h5,59,1110.4601519107819,2017-09-10T15:26:49.320,5.000443935394287,2017-09-10T15:26:51.820222,True
eis_20170910_152436.head.h5,60,1113.4553518295288,2017-09-10T15:26:42.713,5.000891208648682,2017-09-10T15:26:45.213446,True
eis_20170910_152436.head.h5,61,1116.4505517482758,2017-09-10T15:26:36.117,5.000487804412842,2017-09-10T15:26:38.617244,True
eis_20170910_152436.head.h5,62,1119.4457516670227,2017-09-10T15:26:29.332,5.000103950500488,2017-09-10T15:26:31.832052,True
eis_20170910_152436.head.h5,63,1122.4409515857697,2017-09-10T15:26:22.699,5.000329971313477,2017-09-10T15:26:25.199165,True
eis_20170910_152436.head.h5,64,1125.4361515045166,2017-09-10T15:26:16.039,5.000179767608643,2017-09-10T15:26:18.539090,True
eis_20170910_152436.head.h5,65,1128.4313514232635,2017-09-10T15:26:09.293,5.000063896179199,2017-09-10T15:26:11.793032,True
eis_20170910_152436.head.h5,66,1131.4265513420105,2017-09-10T15:26:02.699,5.000466823577881,2017-09-10T15:26:05.199233,True
eis_20170910_152436.head.h5,67,1134.4217512607574,2017-09-10T15:25:56.064,5.000010013580322,2017-09-10T15:25:58.564005,True
eis_20170910_152436.head.h5,68,1137.4169511795044,2017-09-10T15:25:49.297,5.000110149383545,2017-09-10T15:25:51.797055,True
eis_20170910_152436.head.h5,69,1140.4121510982513,2017-09-10T15:25:42.686,4.999785900115967,2017-09-10T15:25:45.185893,True
eis_20170910_152436.head.h5,70,1143.4073510169983,2017-09-10T15:25:36.023,5.000436782836914,2017-09-10T15:25:38.523218,True
eis_20170910_152436.head.h5,71,1146.4025509357452,2017-09-10T15:25:29.279,5.000557899475098,2017-09-10T15:25:31.779279,True
eis_20170910_152436.head.h5,72,1149.3977508544922,2017-09-10T15:25:22.688,4.999331951141357,2017-09-10T15:25:25.187666,True
eis_20170910_152436.head.h5,73,1152.3929507732391,2017-09-10T15:25:16.006,5.0006937980651855,2017-09-10T15:25:18.506347,True
eis_20170910_152436.head.h5,74,1155.388150691986,2017-09-10T15:25:09.344,5.000101089477539,2017-09-10T15:25:11.844051,True
eis_20170910_152436.head.h5,75,1158.383350610733,2017-09-10T15:25:02.727,4.999619007110596,2017-09-10T15:25:05.226810,True
eis_20170910_152436.head.h5,76,1161.37855052948,2017-09-10T15:24:56.074,4.999692916870117,2017-09-10T15:24:58.573846,True
eis_20170910_152436.head.h5,77,1164.373750448227,2017-09-10T15:24:49.340,5.000395774841309,2017-09-10T15:24:51.840198,True
eis_20170910_152436.head.h5,78,1167.3689503669739,2017-09-10T15:24:42.705,5.000426769256592,2017-09-10T15:24:45.205213,True
eis_20170910_152436.head.h5,79,1170.3641502857208,2017-09-10T15:24:36.000,5.00039005279541,2017-09-10T15:24:38.500195,True
eis_20170910_153331.head.h5,0,933.8227033615112,2017-09-10T15:42:18.014,5.000577926635742,2017-09-10T15:42:20.514289,True
eis_20170910_153331.head.h5,1,936.8179032802582,2017-09-10T15:42:11.275,5.00030517578125,2017-09-10T15:42:13.775153,True
eis_20170910_153331.head.h5,2,939.8131031990051,2017-09-10T15:42:04.627,5.000216960906982,2017-09-10T15:42:07.127108,True
eis_20170910_153331.head.h5,3,942.8083031177521,2017-09-10T15:41:58.043,5.000217914581299,2017-09-10T15:42:00.543109,True
eis_20170910_153331.head.h5,4,945.803503036499,2017-09-10T15:41:51.252,4.999803066253662,2017-09-10T15:41:53.751902,True
eis_20170910_153331.head.h5,5,948.798702955246,2017-09-10T15:41:44.631,5.000699996948242,2017-09-10T15:41:47.131350,True
eis_20170910_153331.head.h5,6,951.7939028739929,2017-09-10T15:41:38.035,5.000510215759277,2017-09-10T15:41:40.535255,True
eis_20170910_153331.head.h5,7,954.7891027927399,2017-09-10T15:41:31.254,4.999773025512695,2017-09-10T15:41:33.753887,True
eis_20170910_153331.head.h5,8,957.7843027114868,2017-09-10T15:41:24.672,4.999322891235352,2017-09-10T15:41:27.171661,True
eis_20170910_153331.head.h5,9,960.7795026302338,2017-09-10T15:41:18.033,4.999946117401123,2017-09-10T15:41:20.532973,True
eis_20170910_153331.head.h5,10,963.7747025489807,2017-09-10T15:41:11.289,5.000210762023926,2017-09-10T15:41:13.789105,True
eis_20170910_153331.head.h5,11,966.7699024677277,2017-09-10T15:41:04.693,4.999917030334473,2017-09-10T15:41:07.192959,True
eis_20170910_153331.head.h5,12,969.7651023864746,2017-09-10T15:40:58.004,5.000422954559326,2017-09-10T15:41:00.504211,True
eis_20170910_153331.head.h5,13,972.7603023052216,2017-09-10T15:40:51.244,4.999550819396973,2017-09-10T15:40:53.743775,True
eis_20170910_153331.head.h5,14,975.7555022239685,2017-09-10T15:40:44.639,4.999496936798096,2017-09-10T15:40:47.138748,True
eis_20170910_153331.head.h5,15,978.7507021427155,2017-09-10T15:40:38.027,5.000392913818359,2017-09-10T15:40:40.527196,True
eis_20170910_153331.head.h5,16,981.7459020614624,2017-09-10T15:40:31.291,4.999980926513672,2017-09-10T15:40:33.790990,True
eis_20170910_153331.head.h5,17,984.7411019802094,2017-09-10T15:40:24.693,5.00011682510376,2017-09-10T15:40:27.193058,True
eis_20170910_153331.head.h5,18,987.7363018989563,2017-09-10T15:40:18.002,5.000001907348633,2017-09-10T15:40:20.502001,True
eis_20170910_153331.head.h5,19,990.7315018177032,2017-09-10T15:40:11.215,5.000598907470703,2017-09-10T15:40:13.715299,True
eis_20170910_153331.head.h5,20,993.7267017364502,2017-09-10T15:40:04.600,5.000403881072998,2017-09-10T15:40:07.100202,True
eis_20170910_153331.head.h5,21,996.7219016551971,2017-09-10T15:39:58.000,4.999466896057129,2017-09-10T15:40:00.499733,True
eis_20170910_153331.head.h5,22,999.7171015739441,2017-09-10T15:39:51.217,4.999466896057129,2017-09-10T15:39:53.716733,True
eis_20170910_153331.head.h5,23,1002.712301492691,2017-09-10T15:39:44.633,4.999982833862305,2017-09-10T15:39:47.132991,True
eis_20170910_153331.head.h5,24,1005.707501411438,2017-09-10T15:39:37.996,4.999443054199219,2017-09-10T15:39:40.495722,True
eis_20170910_153331.head.h5,25,1008.7027013301849,2017-09-10T15:39:31.250,5.000377178192139,2017-09-10T15:39:33.750189,True
eis_20170910_153331.head.h5,26,1011.6979012489319,2017-09-10T15:39:24.600,4.999523162841797,2017-09-10T15:39:27.099762,True
eis_20170910_153331.head.h5,27,1014.6931011676788,2017-09-10T15:39:17.963,5.000463962554932,2017-09-10T15:39:20.463232,True
eis_20170910_153331.head.h5,28,1017.6883010864258,2017-09-10T15:39:11.205,4.999369144439697,2017-09-10T15:39:13.704685,True
eis_20170910_153331.head.h5,29,1020.6835010051727,2017-09-10T15:39:04.551,5.000144958496094,2017-09-10T15:39:07.051072,True
eis_20170910_153331.head.h5,30,1023.6787009239197,2017-09-10T15:38:57.936,5.000380992889404,2017-09-10T15:39:00.436190,True
eis_20170910_153331.head.h5,31,1026.6739008426666,2017-09-10T15:38:51.199,5.000410079956055,2017-09-10T15:38:53.699205,True
eis_20170910_153331.head.h5,32,1029.6691007614136,2017-09-10T15:38:44.600,5.000456809997559,2017-09-10T15:38:47.100228,True
eis_20170910_153331.head.h5,33,1032.6643006801605,2017-09-10T15:38:37.963,5.000779151916504,2017-09-10T15:38:40.463390,True
eis_20170910_153331.head.h5,34,1035.6595005989075,2017-09-10T15:38:31.182,4.999977111816406,2017-09-10T15:38:33.681989,True
eis_20170910_153331.head.h5,35,1038.6547005176544,2017-09-10T15:38:24.563,4.9995198249816895,2017-09-10T15:38:27.062760,True
eis_20170910_153331.head.h5,36,1041.6499004364014,2017-09-10T15:38:17.965,5.000601768493652,2017-09-10T15:38:20.465301,True
eis_20170910_153331.head.h5,37,1044.6451003551483,2017-09-10T15:38:11.186,5.001008033752441,2017-09-10T15:38:13.686504,True
eis_20170910_153331.head.h5,38,1047.6403002738953,2017-09-10T15:38:04.600,5.0006232261657715,2017-09-10T15:38:07.100312,True
eis_20170910_153331.head.h5,39,1050.6355001926422,2017-09-10T15:37:57.912,5.000341892242432,2017-09-10T15:38:00.412171,True
eis_20170910_153331.head.h5,40,1053.6307001113892,2017-09-10T15:37:51.166,4.999843120574951,2017-09-10T15:37:53.665922,True
eis_20170910_153331.head.h5,41,1056.625900030136,2017-09-10T15:37:44.572,5.000014781951904,2017-09-10T15:37:47.072007,True
eis_20170910_153331.head.h5,42,1059.621099948883,2017-09-10T15:37:37.938,5.0001301765441895,2017-09-10T15:37:40.438065,True
eis_20170910_153331.head.h5,43,1062.61629986763,2017-09-10T15:37:31.178,5.00027322769165,2017-09-10T15:37:33.678137,True
eis_20170910_153331.head.h5,44,1065.611499786377,2017-09-10T15:37:24.523,5.000500202178955,2017-09-10T15:37:27.023250,True
eis_20170910_153331.head.h5,45,1068.606699705124,2017-09-10T15:37:17.910,5.000290870666504,2017-09-10T15:37:20.410145,True
eis_20170910_153331.head.h5,46,1071.6018996238708,2017-09-10T15:37:11.174,5.000516891479492,2017-09-10T15:37:13.674258,True
eis_20170910_153331.head.h5,47,1074.5970995426178,2017-09-10T15:37:04.521,5.000417232513428,2017-09-10T15:37:07.021209,True
eis_20170910_153331.head.h5,48,1077.5922994613647,2017-09-10T15:36:57.938,4.999570846557617,2017-09-10T15:37:00.437785,True
eis_20170910_153331.head.h5,49,1080.5874993801117,2017-09-10T15:36:51.156,5.000208854675293,2017-09-10T15:36:53.656104,True
eis_20170910_153331.head.h5,50,1083.5826992988586,2017-09-10T15:36:44.533,5.000061988830566,2017-09-10T15:36:47.033031,True
eis_20170910_153331.head.h5,51,1086.5778992176056,2017-09-10T15:36:37.938,5.00069522857666,2017-09-10T15:36:40.438348,True
eis_20170910_153331.head.h5,52,1089.5730991363525,2017-09-10T15:36:31.154,5.000649929046631,2017-09-10T15:36:33.654325,True
eis_20170910_153331.head.h5,53,1092.5682990550995,2017-09-10T15:36:24.568,4.999903202056885,2017-09-10T15:36:27.067952,True
eis_20170910_153331.head.h5,54,1095.5634989738464,2017-09-10T15:36:17.941,4.999839782714844,2017-09-10T15:36:20.440920,True
eis_20170910_153331.head.h5,55,1098.5586988925934,2017-09-10T15:36:11.195,4.999650001525879,2017-09-10T15:36:13.694825,True
eis_20170910_153331.head.h5,56,1101.5538988113403,2017-09-10T15:36:04.596,5.000592231750488,2017-09-10T15:36:07.096296,True
eis_20170910_153331.head.h5,57,1104.5490987300873,2017-09-10T15:35:57.904,4.999924182891846,2017-09-10T15:36:00.403962,True
eis_20170910_153331.head.h5,58,1107.5442986488342,2017-09-10T15:35:51.146,5.000369071960449,2017-09-10T15:35:53.646185,True
eis_20170910_153331.head.h5,59,1110.5394985675812,2017-09-10T15:35:44.496,5.000338077545166,2017-09-10T15:35:46.996169,True
eis_20170910_153331.head.h5,60,1113.5346984863281,2017-09-10T15:35:37.881,5.00045108795166,2017-09-10T15:35:40.381226,True
eis_20170910_153331.head.h5,61,1116.529898405075,2017-09-10T15:35:31.143,5.000492095947266,2017-09-10T15:35:33.643246,True
eis_20170910_153331.head.h5,62,1119.525098323822,2017-09-10T15:35:24.539,5.000943183898926,2017-09-10T15:35:27.039472,True
eis_20170910_153331.head.h5,63,1122.520298242569,2017-09-10T15:35:17.896,5.000679969787598,2017-09-10T15:35:20.396340,True
eis_20170910_153331.head.h5,64,1125.515498161316,2017-09-10T15:35:11.129,4.999862194061279,2017-09-10T15:35:13.628931,True
eis_20170910_153331.head.h5,65,1128.5106980800629,2017-09-10T15:35:04.504,5.000290870666504,2017-09-10T15:35:07.004145,True
eis_20170910_153331.head.h5,66,1131.5058979988098,2017-09-10T15:34:57.902,4.999505996704102,2017-09-10T15:35:00.401753,True
eis_20170910_153331.head.h5,67,1134.5010979175568,2017-09-10T15:34:51.117,5.00017786026001,2017-09-10T15:34:53.617089,True
eis_20170910_153331.head.h5,68,1137.4962978363037,2017-09-10T15:34:44.529,5.000504016876221,2017-09-10T15:34:47.029252,True
eis_20170910_153331.head.h5,69,1140.4914977550507,2017-09-10T15:34:37.854,4.999964237213135,2017-09-10T15:34:40.353982,True
eis_20170910_153331.head.h5,70,1143.4866976737976,2017-09-10T15:34:31.104,5.000905990600586,2017-09-10T15:34:33.604453,True
eis_20170910_153331.head.h5,71,1146.4818975925446,2017-09-10T15:34:24.500,5.000826835632324,2017-09-10T15:34:27.000413,True
eis_20170910_153331.head.h5,72,1149.4770975112915,2017-09-10T15:34:17.914,5.000461101531982,2017-09-10T15:34:20.414231,True
eis_20170910_153331.head.h5,73,1152.4722974300385,2017-09-10T15:34:11.148,5.000010967254639,2017-09-10T15:34:13.648005,True
eis_20170910_153331.head.h5,74,1155.4674973487854,2017-09-10T15:34:04.518,4.999506950378418,2017-09-10T15:34:07.017753,True
eis_20170910_153331.head.h5,75,1158.4626972675323,2017-09-10T15:33:57.750,5.00038480758667,2017-09-10T15:34:00.250192,True
eis_20170910_153331.head.h5,76,1161.4578971862793,2017-09-10T15:33:51.010,5.0004048347473145,2017-09-10T15:33:53.510202,True
eis_20170910_153331.head.h5,77,1164.4530971050262,2017-09-10T15:33:44.412,5.000845909118652,2017-09-10T15:33:46.912423,True
eis_20170910_153331.head.h5,78,1167.4482970237732,2017-09-10T15:33:37.773,4.999360084533691,2017-09-10T15:33:40.272680,True
eis_20170910_153331.head.h5,79,1170.4434969425201,2017-09-10T15:33:31.000,5.0004191398620605,2017-09-10T15:33:33.500210,True
eis_20170910_154226.head.h5,0,933.791332244873,2017-09-10T15:51:12.891,5.00023078918457,2017-09-10T15:51:15.391115,True
eis_20170910_154226.head.h5,1,936.78653216362,2017-09-10T15:51:06.182,4.999867916107178,2017-09-10T15:51:08.681934,True
eis_20170910_154226.head.h5,2,939.781732082367,2017-09-10T15:50:59.449,4.999876022338867,2017-09-10T15:51:01.948938,True
eis_20170910_154226.head.h5,3,942.7769320011139,2017-09-10T15:50:52.863,5.000233173370361,2017-09-10T15:50:55.363117,True
eis_20170910_154226.head.h5,4,945.7721319198608,2017-09-10T15:50:46.176,5.000970840454102,2017-09-10T15:50:48.676485,True
eis_20170910_154226.head.h5,5,948.7673318386078,2017-09-10T15:50:39.520,5.000733852386475,2017-09-10T15:50:42.020367,True
eis_20170910_154226.head.h5,6,951.7625317573547,2017-09-10T15:50:32.898,5.000250816345215,2017-09-10T15:50:35.398125,True
eis_20170910_154226.head.h5,7,954.7577316761017,2017-09-10T15:50:26.189,4.999855041503906,2017-09-10T15:50:28.688928,True
eis_20170910_154226.head.h5,8,957.7529315948486,2017-09-10T15:50:19.449,5.0002617835998535,2017-09-10T15:50:21.949131,True
eis_20170910_154226.head.h5,9,960.7481315135956,2017-09-10T15:50:12.865,5.000430107116699,2017-09-10T15:50:15.365215,True
eis_20170910_154226.head.h5,10,963.7433314323425,2017-09-10T15:50:06.221,5.000854969024658,2017-09-10T15:50:08.721427,True
eis_20170910_154226.head.h5,11,966.7385313510895,2017-09-10T15:49:59.461,5.000229835510254,2017-09-10T15:50:01.961115,True
eis_20170910_154226.head.h5,12,969.7337312698364,2017-09-10T15:49:52.854,5.000802993774414,2017-09-10T15:49:55.354401,True
eis_20170910_154226.head.h5,13,972.7289311885834,2017-09-10T15:49:46.211,5.000185012817383,2017-09-10T15:49:48.711093,True
eis_20170910_154226.head.h5,14,975.7241311073303,2017-09-10T15:49:39.432,5.000247001647949,2017-09-10T15:49:41.932124,True
eis_20170910_154226.head.h5,15,978.7193310260773,2017-09-10T15:49:32.844,4.999556064605713,2017-09-10T15:49:35.343778,True
eis_20170910_154226.head.h5,16,981.7145309448242,2017-09-10T15:49:26.242,4.999589920043945,2017-09-10T15:49:28.741795,True
eis_20170910_154226.head.h5,17,984.7097308635712,2017-09-10T15:49:19.455,5.0007171630859375,2017-09-10T15:49:21.955359,True
eis_20170910_154226.head.h5,18,987.7049307823181,2017-09-10T15:49:12.873,5.0002827644348145,2017-09-10T15:49:15.373141,True
eis_20170910_154226.head.h5,19,990.7001307010651,2017-09-10T15:49:06.188,4.999410152435303,2017-09-10T15:49:08.687705,True
eis_20170910_154226.head.h5,20,993.695330619812,2017-09-10T15:48:59.443,4.999514102935791,2017-09-10T15:49:01.942757,True
eis_20170910_154226.head.h5,21,996.690530538559,2017-09-10T15:48:52.826,5.0002121925354,2017-09-10T15:48:55.326106,True
eis_20170910_154226.head.h5,22,999.6857304573059,2017-09-10T15:48:46.172,4.99991512298584,2017-09-10T15:48:48.671958,True
eis_20170910_154226.head.h5,23,1002.6809303760529,2017-09-10T15:48:39.428,5.000381946563721,2017-09-10T15:48:41.928191,True
eis_20170910_154226.head.h5,24,1005.6761302947998,2017-09-10T15:48:32.844,5.000679969787598,2017-09-10T15:48:35.344340,True
eis_20170910_154226.head.h5,25,1008.6713302135468,2017-09-10T15:48:26.209,4.999320030212402,2017-09-10T15:48:28.708660,True
eis_20170910_154226.head.h5,26,1011.6665301322937,2017-09-10T15:48:19.443,5.000295162200928,2017-09-10T15:48:21.943148,True
eis_20170910_154226.head.h5,27,1014.6617300510406,2017-09-10T15:48:12.838,5.0007100105285645,2017-09-10T15:48:15.338355,True
eis_20170910_154226.head.h5,28,1017.6569299697876,2017-09-10T15:48:06.248,5.000085830688477,2017-09-10T15:48:08.748043,True
eis_20170910_154226.head.h5,29,1020.6521298885345,2017-09-10T15:47:59.471,4.99990177154541,2017-09-10T15:48:01.970951,True
eis_20170910_154226.head.h5,30,1023.6473298072815,2017-09-10T15:47:52.832,4.999698162078857,2017-09-10T15:47:55.331849,True
eis_20170910_154226.head.h5,31,1026.6425297260284,2017-09-10T15:47:46.121,4.9999542236328125,2017-09-10T15:47:48.620977,True
eis_20170910_154226.head.h5,32,1029.6377296447754,2017-09-10T15:47:39.383,4.9994330406188965,2017-09-10T15:47:41.882717,True
eis_20170910_154226.head.h5,33,1032.6329295635223,2017-09-10T15:47:32.801,5.000728130340576,2017-09-10T15:47:35.301364,True
eis_20170910_154226.head.h5,34,1035.6281294822693,2017-09-10T15:47:26.160,5.000852108001709,2017-09-10T15:47:28.660426,True
eis_20170910_154226.head.h5,35,1038.6233294010162,2017-09-10T15:47:19.465,4.99994421005249,2017-09-10T15:47:21.964972,True
eis_20170910_154226.head.h5,36,1041.6185293197632,2017-09-10T15:47:12.844,5.000360012054443,2017-09-10T15:47:15.344180,True
eis_20170910_154226.head.h5,37,1044.6137292385101,2017-09-10T15:47:06.133,4.9994049072265625,2017-09-10T15:47:08.632702,True
eis_20170910_154226.head.h5,38,1047.608929157257,2017-09-10T15:46:59.395,4.99994421005249,2017-09-10T15:47:01.894972,True
eis_20170910_154226.head.h5,39,1050.604129076004,2017-09-10T15:46:52.805,5.000319004058838,2017-09-10T15:46:55.305160,True
eis_20170910_154226.head.h5,40,1053.599328994751,2017-09-10T15:46:46.170,5.00035285949707,2017-09-10T15:46:48.670176,True
eis_20170910_154226.head.h5,41,1056.594528913498,2017-09-10T15:46:39.404,4.999431133270264,2017-09-10T15:46:41.903716,True
eis_20170910_154226.head.h5,42,1059.5897288322449,2017-09-10T15:46:32.799,4.99990177154541,2017-09-10T15:46:35.298951,True
eis_20170910_154226.head.h5,43,1062.5849287509918,2017-09-10T15:46:26.203,5.000166893005371,2017-09-10T15:46:28.703083,True
eis_20170910_154226.head.h5,44,1065.5801286697388,2017-09-10T15:46:19.426,5.000099182128906,2017-09-10T15:46:21.926050,True
eis_20170910_154226.head.h5,45,1068.5753285884857,2017-09-10T15:46:12.791,5.0003180503845215,2017-09-10T15:46:15.291159,True
eis_20170910_154226.head.h5,46,1071.5705285072327,2017-09-10T15:46:06.127,5.000033855438232,2017-09-10T15:46:08.627017,True
eis_20170910_154226.head.h5,47,1074.5657284259796,2017-09-10T15:45:59.387,4.999804973602295,2017-09-10T15:46:01.886902,True
eis_20170910_154226.head.h5,48,1077.5609283447266,2017-09-10T15:45:52.803,5.000504970550537,2017-09-10T15:45:55.303252,True
eis_20170910_154226.head.h5,49,1080.5561282634735,2017-09-10T15:45:46.111,5.00026798248291,2017-09-10T15:45:48.611134,True
eis_20170910_154226.head.h5,50,1083.5513281822205,2017-09-10T15:45:39.416,5.00036096572876,2017-09-10T15:45:41.916180,True
eis_20170910_154226.head.h5,51,1086.5465281009674,2017-09-10T15:45:32.793,5.0003509521484375,2017-09-10T15:45:35.293175,True
eis_20170910_154226.head.h5,52,1089.5417280197144,2017-09-10T15:45:26.080,5.000189781188965,2017-09-10T15:45:28.580095,True
eis_20170910_154226.head.h5,53,1092.5369279384613,2017-09-10T15:45:19.342,5.000531196594238,2017-09-10T15:45:21.842266,True
eis_20170910_154226.head.h5,54,1095.5321278572083,2017-09-10T15:45:12.752,4.999623775482178,2017-09-10T15:45:15.251812,True
eis_20170910_154226.head.h5,55,1098.5273277759552,2017-09-10T15:45:06.061,5.000524044036865,2017-09-10T15:45:08.561262,True
eis_20170910_154226.head.h5,56,1101.5225276947021,2017-09-10T15:44:59.391,4.999803066253662,2017-09-10T15:45:01.890902,True
eis_20170910_154226.head.h5,57,1104.517727613449,2017-09-10T15:44:52.781,5.000856876373291,2017-09-10T15:44:55.281428,True
eis_20170910_154226.head.h5,58,1107.512927532196,2017-09-10T15:44:46.092,5.0001678466796875,2017-09-10T15:44:48.592084,True
eis_20170910_154226.head.h5,59,1110.508127450943,2017-09-10T15:44:39.404,5.000121116638184,2017-09-10T15:44:41.904061,True
eis_20170910_154226.head.h5,60,1113.50332736969,2017-09-10T15:44:32.770,5.000111103057861,2017-09-10T15:44:35.270056,True
eis_20170910_154226.head.h5,61,1116.498527288437,2017-09-10T15:44:26.104,5.000425815582275,2017-09-10T15:44:28.604213,True
eis_20170910_154226.head.h5,62,1119.4937272071838,2017-09-10T15:44:19.367,4.999622821807861,2017-09-10T15:44:21.866811,True
eis_20170910_154226.head.h5,63,1122.4889271259308,2017-09-10T15:44:12.779,4.999845027923584,2017-09-10T15:44:15.278923,True
eis_20170910_154226.head.h5,64,1125.4841270446777,2017-09-10T15:44:06.141,5.000308990478516,2017-09-10T15:44:08.641154,True
eis_20170910_154226.head.h5,65,1128.4793269634247,2017-09-10T15:43:59.352,5.000243186950684,2017-09-10T15:44:01.852122,True
eis_20170910_154226.head.h5,66,1131.4745268821716,2017-09-10T15:43:52.730,5.000391960144043,2017-09-10T15:43:55.230196,True
eis_20170910_154226.head.h5,67,1134.4697268009186,2017-09-10T15:43:46.074,4.9996161460876465,2017-09-10T15:43:48.573808,True
eis_20170910_154226.head.h5,68,1137.4649267196655,2017-09-10T15:43:39.336,5.000527858734131,2017-09-10T15:43:41.836264,True
eis_20170910_154226.head.h5,69,1140.4601266384125,2017-09-10T15:43:32.750,5.000561237335205,2017-09-10T15:43:35.250281,True
eis_20170910_154226.head.h5,70,1143.4553265571594,2017-09-10T15:43:26.113,5.0002760887146,2017-09-10T15:43:28.613138,True
eis_20170910_154226.head.h5,71,1146.4505264759064,2017-09-10T15:43:19.348,5.000570774078369,2017-09-10T15:43:21.848285,True
eis_20170910_154226.head.h5,72,1149.4457263946533,2017-09-10T15:43:12.740,5.000699043273926,2017-09-10T15:43:15.240350,True
eis_20170910_154226.head.h5,73,1152.4409263134003,2017-09-10T15:43:06.146,4.999703884124756,2017-09-10T15:43:08.645852,True
eis_20170910_154226.head.h5,74,1155.4361262321472,2017-09-10T15:42:59.363,5.000454902648926,2017-09-10T15:43:01.863227,True
eis_20170910_154226.head.h5,75,1158.4313261508942,2017-09-10T15:42:52.727,5.000112056732178,2017-09-10T15:42:55.227056,True
eis_20170910_154226.head.h5,76,1161.426526069641,2017-09-10T15:42:46.008,5.000210762023926,2017-09-10T15:42:48.508105,True
eis_20170910_154226.head.h5,77,1164.421725988388,2017-09-10T15:42:39.271,5.000007152557373,2017-09-10T15:42:41.771004,True
eis_20170910_154226.head.h5,78,1167.416925907135,2017-09-10T15:42:32.688,4.999699115753174,2017-09-10T15:42:35.187850,True
eis_20170910_154226.head.h5,79,1170.412125825882,2017-09-10T15:42:26.000,5.000504016876221,2017-09-10T15:42:28.500252,True
eis_20170910_155121.head.h5,0,933.8270998001099,2017-09-10T16:00:08.020,5.00035285949707,2017-09-10T16:00:10.520176,True
eis_20170910_155121.head.h5,1,936.8222997188568,2017-09-10T16:00:01.246,5.0003662109375,2017-09-10T16:00:03.746183,True
eis_20170910_155121.head.h5,2,939.8174996376038,2017-09-10T15:59:54.576,5.000093936920166,2017-09-10T15:59:57.076047,True
eis_20170910_155121.head.h5,3,942.8126995563507,2017-09-10T15:59:47.984,5.000277996063232,2017-09-10T15:59:50.484139,True
eis_20170910_155121.head.h5,4,945.8078994750977,2017-09-10T15:59:41.211,5.000472068786621,2017-09-10T15:59:43.711236,True
eis_20170910_155121.head.h5,5,948.8030993938446,2017-09-10T15:59:34.627,5.000688076019287,2017-09-10T15:59:37.127344,True
eis_20170910_155121.head.h5,6,951.7982993125916,2017-09-10T15:59:27.947,5.000331878662109,2017-09-10T15:59:30.447166,True
eis_20170910_155121.head.h5,7,954.7934992313385,2017-09-10T15:59:21.207,5.000464916229248,2017-09-10T15:59:23.707232,True
eis_20170910_155121.head.h5,8,957.7886991500854,2017-09-10T15:59:14.611,5.000014781951904,2017-09-10T15:59:17.111007,True
eis_20170910_155121.head.h5,9,960.7838990688324,2017-09-10T15:59:07.963,5.000233173370361,2017-09-10T15:59:10.463117,True
eis_20170910_155121.head.h5,10,963.7790989875793,2017-09-10T15:59:01.197,4.9998698234558105,2017-09-10T15:59:03.696935,True
eis_20170910_155121.head.h5,11,966.7742989063263,2017-09-10T15:58:54.596,5.000645160675049,2017-09-10T15:58:57.096323,True
eis_20170910_155121.head.h5,12,969.7694988250732,2017-09-10T15:58:47.926,4.999841213226318,2017-09-10T15:58:50.425921,True
eis_20170910_155121.head.h5,13,972.7646987438202,2017-09-10T15:58:41.189,5.000229835510254,2017-09-10T15:58:43.689115,True
eis_20170910_155121.head.h5,14,975.7598986625671,2017-09-10T15:58:34.590,5.000434875488281,2017-09-10T15:58:37.090217,True
eis_20170910_155121.head.h5,15,978.7550985813141,2017-09-10T15:58:27.955,5.000082969665527,2017-09-10T15:58:30.455041,True
eis_20170910_155121.head.h5,16,981.750298500061,2017-09-10T15:58:21.182,4.999499797821045,2017-09-10T15:58:23.681750,True
eis_20170910_155121.head.h5,17,984.745498418808,2017-11-20T12:13:21.000,0.0,2017-11-20T12:13:21,False
eis_20170910_155121.head.h5,18,987.7406983375549,2017-09-10T15:58:07.967,5.000181198120117,2017-09-10T15:58:10.467091,True
eis_20170910_155121.head.h5,19,990.7358982563019,2017-09-10T15:58:01.201,5.000072956085205,2017-09-10T15:58:03.701036,True
eis_20170910_155121.head.h5,20,993.7310981750488,2017-09-10T15:57:54.566,4.999946117401123,2017-09-10T15:57:57.065973,True
eis_20170910_155121.head.h5,21,996.7262980937958,2017-09-10T15:57:47.947,4.9996337890625,2017-09-10T15:57:50.446817,True
eis_20170910_155121.head.h5,22,999.7214980125427,2017-09-10T15:57:41.207,5.000120162963867,2017-09-10T15:57:43.707060,True
eis_20170910_155121.head.h5,23,1002.7166979312897,2017-09-10T15:57:34.559,5.00047492980957,2017-09-10T15:57:37.059237,True
eis_20170910_155121.head.h5,24,1005.7118978500366,2017-09-10T15:57:27.967,5.000511169433594,2017-09-10T15:57:30.467256,True
eis_20170910_155121.head.h5,25,1008.7070977687836,2017-09-10T15:57:21.203,5.000124931335449,2017-09-10T15:57:23.703062,True
eis_20170910_155121.head.h5,26,1011.7022976875305,2017-09-10T15:57:14.609,4.999884128570557,2017-09-10T15:57:17.108942,True
eis_20170910_155121.head.h5,27,1014.6974976062775,2017-09-10T15:57:07.988,5.00018310546875,2017-09-10T15:57:10.488092,True
eis_20170910_155121.head.h5,28,1017.6926975250244,2017-09-10T15:57:01.197,5.000222206115723,2017-09-10T15:57:03.697111,True
eis_20170910_155121.head.h5,29,1020.6878974437714,2017-09-10T15:56:54.543,5.000340938568115,2017-09-10T15:56:57.043170,True
eis_20170910_155121.head.h5,30,1023.6830973625183,2017-09-10T15:56:47.957,4.999965190887451,2017-09-10T15:56:50.456983,True
eis_20170910_155121.head.h5,31,1026.6782972812653,2017-09-10T15:56:41.188,5.0002760887146,2017-09-10T15:56:43.688138,True
eis_20170910_155121.head.h5,32,1029.6734972000122,2017-09-10T15:56:34.514,4.999939918518066,2017-09-10T15:56:37.013970,True
eis_20170910_155121.head.h5,33,1032.6686971187592,2017-09-10T15:56:27.914,5.000353813171387,2017-09-10T15:56:30.414177,True
eis_20170910_155121.head.h5,34,1035.663897037506,2017-09-10T15:56:21.143,5.000676155090332,2017-09-10T15:56:23.643338,True
eis_20170910_155121.head.h5,35,1038.659096956253,2017-09-10T15:56:14.508,5.000629901885986,2017-09-10T15:56:17.008315,True
eis_20170910_155121.head.h5,36,1041.654296875,2017-09-10T15:56:07.889,4.999925136566162,2017-09-10T15:56:10.388963,True
eis_20170910_155121.head.h5,37,1044.649496793747,2017-09-10T15:56:01.146,5.0006937980651855,2017-09-10T15:56:03.646347,True
eis_20170910_155121.head.h5,38,1047.644696712494,2017-09-10T15:55:54.543,5.000609874725342,2017-09-10T15:55:57.043305,True
eis_20170910_155121.head.h5,39,1050.6398966312408,2017-09-10T15:55:47.945,5.000671863555908,2017-09-10T15:55:50.445336,True
eis_20170910_155121.head.h5,40,1053.6350965499878,2017-09-10T15:55:41.166,5.000744819641113,2017-09-10T15:55:43.666372,True
eis_20170910_155121.head.h5,41,1056.6302964687347,2017-09-10T15:55:34.529,4.999392986297607,2017-09-10T15:55:37.028696,True
eis_20170910_155121.head.h5,42,1059.6254963874817,2017-09-10T15:55:27.863,4.9997639656066895,2017-09-10T15:55:30.362882,True
eis_20170910_155121.head.h5,43,1062.6206963062286,2017-09-10T15:55:21.119,5.000804901123047,2017-09-10T15:55:23.619402,True
eis_20170910_155121.head.h5,44,1065.6158962249756,2017-09-10T15:55:14.520,5.000549793243408,2017-09-10T15:55:17.020275,True
eis_20170910_155121.head.h5,45,1068.6110961437225,2017-09-10T15:55:07.885,5.000057220458984,2017-09-10T15:55:10.385029,True
eis_20170910_155121.head.h5,46,1071.6062960624695,2017-09-10T15:55:01.117,5.0004191398620605,2017-09-10T15:55:03.617210,True
eis_20170910_155121.head.h5,47,1074.6014959812164,2017-09-10T15:54:54.504,4.999900817871094,2017-09-10T15:54:57.003950,True
eis_20170910_155121.head.h5,48,1077.5966958999634,2017-09-10T15:54:47.896,5.000072002410889,2017-09-10T15:54:50.396036,True
eis_20170910_155121.head.h5,49,1080.5918958187103,2017-09-10T15:54:41.121,5.000309944152832,2017-09-10T15:54:43.621155,True
eis_20170910_155121.head.h5,50,1083.5870957374573,2017-09-10T15:54:34.484,5.000529766082764,2017-09-10T15:54:36.984265,True
eis_20170910_155121.head.h5,51,1086.5822956562042,2017-09-10T15:54:27.875,4.944414138793945,2017-09-10T15:54:30.347207,True
eis_20170910_155121.head.h5,52,1089.5774955749512,2017-09-10T15:54:21.133,4.999639987945557,2017-09-10T15:54:23.632820,True
eis_20170910_155121.head.h5,53,1092.5726954936981,2017-09-10T15:54:14.535,5.000017166137695,2017-09-10T15:54:17.035009,True
eis_20170910_155121.head.h5,54,1095.567895412445,2017-09-10T15:54:07.939,4.999475002288818,2017-09-10T15:54:10.438738,True
eis_20170910_155121.head.h5,55,1098.563095331192,2017-09-10T15:54:01.162,5.000546932220459,2017-09-10T15:54:03.662273,True
eis_20170910_155121.head.h5,56,1101.558295249939,2017-09-10T15:53:54.525,4.999960899353027,2017-09-10T15:53:57.024980,True
eis_20170910_155121.head.h5,57,1104.553495168686,2017-09-10T15:53:47.855,4.999746799468994,2017-09-10T15:53:50.354873,True
eis_20170910_155121.head.h5,58,1107.5486950874329,2017-09-10T15:53:41.115,5.000823974609375,2017-09-10T15:53:43.615412,True
eis_20170910_155121.head.h5,59,1110.5438950061798,2017-09-10T15:53:34.514,5.000497817993164,2017-09-10T15:53:37.014249,True
eis_20170910_155121.head.h5,60,1113.5390949249268,2017-09-10T15:53:27.877,4.9998087882995605,2017-09-10T15:53:30.376904,True
eis_20170910_155121.head.h5,61,1116.5342948436737,2017-09-10T15:53:21.109,5.000033855438232,2017-09-10T15:53:23.609017,True
eis_20170910_155121.head.h5,62,1119.5294947624207,2017-09-10T15:53:14.494,4.999590873718262,2017-09-10T15:53:16.993795,True
eis_20170910_155121.head.h5,63,1122.5246946811676,2017-09-10T15:53:07.891,5.000471115112305,2017-09-10T15:53:10.391236,True
eis_20170910_155121.head.h5,64,1125.5198945999146,2017-09-10T15:53:01.111,5.001144886016846,2017-09-10T15:53:03.611572,True
eis_20170910_155121.head.h5,65,1128.5150945186615,2017-09-10T15:52:54.473,5.000401020050049,2017-09-10T15:52:56.973201,True
eis_20170910_155121.head.h5,66,1131.5102944374084,2017-09-10T15:52:47.803,4.999535083770752,2017-09-10T15:52:50.302768,True
eis_20170910_155121.head.h5,67,1134.5054943561554,2017-09-10T15:52:41.063,5.0000691413879395,2017-09-10T15:52:43.563035,True
eis_20170910_155121.head.h5,68,1137.5006942749023,2017-09-10T15:52:34.416,5.000349998474121,2017-09-10T15:52:36.916175,True
eis_20170910_155121.head.h5,69,1140.4958941936493,2017-09-10T15:52:27.824,5.0001301765441895,2017-09-10T15:52:30.324065,True
eis_20170910_155121.head.h5,70,1143.4910941123962,2017-09-10T15:52:21.051,5.000067234039307,2017-09-10T15:52:23.551034,True
eis_20170910_155121.head.h5,71,1146.4862940311432,2017-09-10T15:52:14.412,5.000250816345215,2017-09-10T15:52:16.912125,True
eis_20170910_155121.head.h5,72,1149.4814939498901,2017-09-10T15:52:07.799,5.000450134277344,2017-09-10T15:52:10.299225,True
eis_20170910_155121.head.h5,73,1152.476693868637,2017-09-10T15:52:01.059,5.000711917877197,2017-09-10T15:52:03.559356,True
eis_20170910_155121.head.h5,74,1155.471893787384,2017-09-10T15:51:54.408,4.999892234802246,2017-09-10T15:51:56.907946,True
eis_20170910_155121.head.h5,75,1158.467093706131,2017-09-10T15:51:47.820,5.000590801239014,2017-09-10T15:51:50.320295,True
eis_20170910_155121.head.h5,76,1161.462293624878,2017-09-10T15:51:41.055,5.000730037689209,2017-09-10T15:51:43.555365,True
eis_20170910_155121.head.h5,77,1164.4574935436249,2017-09-10T15:51:34.434,5.000462055206299,2017-09-10T15:51:36.934231,True
eis_20170910_155121.head.h5,78,1167.4526934623718,2017-09-10T15:51:27.777,4.999777793884277,2017-09-10T15:51:30.276889,True
eis_20170910_155121.head.h5,79,1170.4478933811188,2017-09-10T15:51:21.000,5.000254154205322,2017-09-10T15:51:23.500127,True
eis_20170910_160016.head.h5,0,933.8578624725342,2017-09-10T16:09:02.867,5.000874042510986,2017-09-10T16:09:05.367437,True
eis_20170910_160016.head.h5,1,936.8530623912811,2017-09-10T16:08:56.230,5.000594139099121,2017-09-10T16:08:58.730297,True
eis_20170910_160016.head.h5,2,939.8482623100281,2017-09-10T16:08:49.488,5.000195026397705,2017-09-10T16:08:51.988098,True
eis_20170910_160016.head.h5,3,942.843462228775,2017-09-10T16:08:42.869,4.999392986297607,2017-09-10T16:08:45.368696,True
eis_20170910_160016.head.h5,4,945.838662147522,2017-09-10T16:08:36.160,5.000411033630371,2017-09-10T16:08:38.660206,True
eis_20170910_160016.head.h5,5,948.8338620662689,2017-09-10T16:08:29.422,5.000692844390869,2017-09-10T16:08:31.922346,True
eis_20170910_160016.head.h5,6,951.8290619850159,2017-09-10T16:08:22.838,4.999416828155518,2017-09-10T16:08:25.337708,True
eis_20170910_160016.head.h5,7,954.8242619037628,2017-09-10T16:08:16.150,4.999650955200195,2017-09-10T16:08:18.649825,True
eis_20170910_160016.head.h5,8,957.8194618225098,2017-09-10T16:08:09.484,5.000219821929932,2017-09-10T16:08:11.984110,True
eis_20170910_160016.head.h5,9,960.8146617412567,2017-09-10T16:08:02.887,5.0001139640808105,2017-09-10T16:08:05.387057,True
eis_20170910_160016.head.h5,10,963.8098616600037,2017-09-10T16:07:56.197,5.000529766082764,2017-09-10T16:07:58.697265,True
eis_20170910_160016.head.h5,11,966.8050615787506,2017-09-10T16:07:49.420,5.000389099121094,2017-09-10T16:07:51.920195,True
eis_20170910_160016.head.h5,12,969.8002614974976,2017-09-10T16:07:42.832,5.000117778778076,2017-09-10T16:07:45.332059,True
eis_20170910_160016.head.h5,13,972.7954614162445,2017-09-10T16:07:36.217,4.99982213973999,2017-09-10T16:07:38.716911,True
eis_20170910_160016.head.h5,14,975.7906613349915,2017-09-10T16:07:29.465,5.000482082366943,2017-09-10T16:07:31.965241,True
eis_20170910_160016.head.h5,15,978.7858612537384,2017-09-10T16:07:22.869,4.999996185302734,2017-09-10T16:07:25.368998,True
eis_20170910_160016.head.h5,16,981.7810611724854,2017-09-10T16:07:16.232,4.999977111816406,2017-09-10T16:07:18.731989,True
eis_20170910_160016.head.h5,17,984.7762610912323,2017-09-10T16:07:09.445,4.999919891357422,2017-09-10T16:07:11.944960,True
eis_20170910_160016.head.h5,18,987.7714610099792,2017-09-10T16:07:02.824,5.000143051147461,2017-09-10T16:07:05.324072,True
eis_20170910_160016.head.h5,19,990.7666609287262,2017-09-10T16:06:56.166,5.000124931335449,2017-09-10T16:06:58.666062,True
eis_20170910_160016.head.h5,20,993.7618608474731,2017-09-10T16:06:49.432,4.999906063079834,2017-09-10T16:06:51.931953,True
eis_20170910_160016.head.h5,21,996.7570607662201,2017-09-10T16:06:42.846,5.000879764556885,2017-09-10T16:06:45.346440,True
eis_20170910_160016.head.h5,22,999.752260684967,2017-09-10T16:06:36.158,4.999600887298584,2017-09-10T16:06:38.657800,True
eis_20170910_160016.head.h5,23,1002.747460603714,2017-09-10T16:06:29.402,4.999709129333496,2017-09-10T16:06:31.901855,True
eis_20170910_160016.head.h5,24,1005.7426605224609,2017-09-10T16:06:22.803,5.000606060028076,2017-09-10T16:06:25.303303,True
eis_20170910_160016.head.h5,25,1008.7378604412079,2017-09-10T16:06:16.213,5.00008487701416,2017-09-10T16:06:18.713042,True
eis_20170910_160016.head.h5,26,1011.7330603599548,2017-09-10T16:06:09.439,5.000349998474121,2017-09-10T16:06:11.939175,True
eis_20170910_160016.head.h5,27,1014.7282602787018,2017-09-10T16:06:02.805,5.000608921051025,2017-09-10T16:06:05.305304,True
eis_20170910_160016.head.h5,28,1017.7234601974487,2017-09-10T16:05:56.084,5.00080680847168,2017-09-10T16:05:58.584403,True
eis_20170910_160016.head.h5,29,1020.7186601161957,2017-09-10T16:05:49.430,4.999765872955322,2017-09-10T16:05:51.929883,True
eis_20170910_160016.head.h5,30,1023.7138600349426,2017-09-10T16:05:42.832,5.000671863555908,2017-09-10T16:05:45.332336,True
eis_20170910_160016.head.h5,31,1026.7090599536896,2017-09-10T16:05:36.143,5.000490188598633,2017-09-10T16:05:38.643245,True
eis_20170910_160016.head.h5,32,1029.7042598724365,2017-09-10T16:05:29.451,4.999602794647217,2017-09-10T16:05:31.950801,True
eis_20170910_160016.head.h5,33,1032.6994597911835,2017-09-10T16:05:22.830,4.9998650550842285,2017-09-10T16:05:25.329933,True
eis_20170910_160016.head.h5,34,1035.6946597099304,2017-09-10T16:05:16.119,5.000153064727783,2017-09-10T16:05:18.619077,True
eis_20170910_160016.head.h5,35,1038.6898596286774,2017-09-10T16:05:09.383,5.000999927520752,2017-09-10T16:05:11.883500,True
eis_20170910_160016.head.h5,36,1041.6850595474243,2017-09-10T16:05:02.797,5.0000691413879395,2017-09-10T16:05:05.297035,True
eis_20170910_160016.head.h5,37,1044.6802594661713,2017-09-10T16:04:56.164,5.000082969665527,2017-09-10T16:04:58.664041,True
eis_20170910_160016.head.h5,38,1047.6754593849182,2017-09-10T16:04:49.404,4.999892234802246,2017-09-10T16:04:51.903946,True
eis_20170910_160016.head.h5,39,1050.6706593036652,2017-09-10T16:04:42.807,5.000143051147461,2017-09-10T16:04:45.307072,True
eis_20170910_160016.head.h5,40,1053.665859222412,2017-09-10T16:04:36.115,5.000824928283691,2017-09-10T16:04:38.615412,True
eis_20170910_160016.head.h5,41,1056.661059141159,2017-09-10T16:04:29.430,5.0002641677856445,2017-09-10T16:04:31.930132,True
eis_20170910_160016.head.h5,42,1059.656259059906,2017-09-10T16:04:22.795,4.999972820281982,2017-09-10T16:04:25.294986,True
eis_20170910_160016.head.h5,43,1062.651458978653,2017-09-10T16:04:16.135,5.000010013580322,2017-09-10T16:04:18.635005,True
eis_20170910_160016.head.h5,44,1065.6466588974,2017-09-10T16:04:09.383,5.000133991241455,2017-09-10T16:04:11.883067,True
eis_20170910_160016.head.h5,45,1068.6418588161469,2017-09-10T16:04:02.781,5.0004801750183105,2017-09-10T16:04:05.281240,True
eis_20170910_160016.head.h5,46,1071.6370587348938,2017-09-10T16:03:56.145,4.999470233917236,2017-09-10T16:03:58.644735,True
eis_20170910_160016.head.h5,47,1074.6322586536407,2017-09-10T16:03:49.357,5.000295162200928,2017-09-10T16:03:51.857148,True
eis_20170910_160016.head.h5,48,1077.6274585723877,2017-09-10T16:03:42.736,4.999766826629639,2017-09-10T16:03:45.235883,True
eis_20170910_160016.head.h5,49,1080.6226584911346,2017-09-10T16:03:36.076,5.000193119049072,2017-09-10T16:03:38.576097,True
eis_20170910_160016.head.h5,50,1083.6178584098816,2017-09-10T16:03:29.338,5.0004119873046875,2017-09-10T16:03:31.838206,True
eis_20170910_160016.head.h5,51,1086.6130583286285,2017-09-10T16:03:22.754,4.999863147735596,2017-09-10T16:03:25.253932,True
eis_20170910_160016.head.h5,52,1089.6082582473755,2017-09-10T16:03:16.119,5.000924110412598,2017-09-10T16:03:18.619462,True
eis_20170910_160016.head.h5,53,1092.6034581661224,2017-09-10T16:03:09.357,5.0003228187561035,2017-09-10T16:03:11.857161,True
eis_20170910_160016.head.h5,54,1095.5986580848694,2017-09-10T16:03:02.754,5.000452041625977,2017-09-10T16:03:05.254226,True
eis_20170910_160016.head.h5,55,1098.5938580036163,2017-09-10T16:02:56.166,5.000855922698975,2017-09-10T16:02:58.666428,True
eis_20170910_160016.head.h5,56,1101.5890579223633,2017-09-10T16:02:49.389,5.000374794006348,2017-09-10T16:02:51.889187,True
eis_20170910_160016.head.h5,57,1104.5842578411102,2017-09-10T16:02:42.760,4.999698162078857,2017-09-10T16:02:45.259849,True
eis_20170910_160016.head.h5,58,1107.5794577598572,2017-09-10T16:02:36.098,5.000395774841309,2017-09-10T16:02:38.598198,True
eis_20170910_160016.head.h5,59,1110.5746576786041,2017-09-10T16:02:29.348,5.0005269050598145,2017-09-10T16:02:31.848263,True
eis_20170910_160016.head.h5,60,1113.569857597351,2017-09-10T16:02:22.746,5.000761985778809,2017-09-10T16:02:25.246381,True
eis_20170910_160016.head.h5,61,1116.565057516098,2017-09-10T16:02:16.105,4.999685764312744,2017-09-10T16:02:18.604843,True
eis_20170910_160016.head.h5,62,1119.560257434845,2017-09-10T16:02:09.330,4.999846935272217,2017-09-10T16:02:11.829923,True
eis_20170910_160016.head.h5,63,1122.555457353592,2017-09-10T16:02:02.705,5.000619888305664,2017-09-10T16:02:05.205310,True
eis_20170910_160016.head.h5,64,1125.5506572723389,2017-09-10T16:01:56.045,4.999429225921631,2017-09-10T16:01:58.544715,True
eis_20170910_160016.head.h5,65,1128.5458571910858,2017-09-10T16:01:49.303,5.000755786895752,2017-09-10T16:01:51.803378,True
eis_20170910_160016.head.h5,66,1131.5410571098328,2017-09-10T16:01:42.711,5.00087308883667,2017-09-10T16:01:45.211437,True
eis_20170910_160016.head.h5,67,1134.5362570285797,2017-09-10T16:01:35.982,4.9994401931762695,2017-09-10T16:01:38.481720,True
eis_20170910_160016.head.h5,68,1137.5314569473267,2017-09-10T16:01:29.316,5.00044584274292,2017-09-10T16:01:31.816223,True
eis_20170910_160016.head.h5,69,1140.5266568660736,2017-09-10T16:01:22.711,5.000342845916748,2017-09-10T16:01:25.211171,True
eis_20170910_160016.head.h5,70,1143.5218567848206,2017-09-10T16:01:16.125,5.000121116638184,2017-09-10T16:01:18.625061,True
eis_20170910_160016.head.h5,71,1146.5170567035675,2017-09-10T16:01:09.346,5.000267028808594,2017-09-10T16:01:11.846134,True
eis_20170910_160016.head.h5,72,1149.5122566223145,2017-09-10T16:01:02.717,5.000864028930664,2017-09-10T16:01:05.217432,True
eis_20170910_160016.head.h5,73,1152.5074565410614,2017-09-10T16:00:56.063,5.000249862670898,2017-09-10T16:00:58.563125,True
eis_20170910_160016.head.h5,74,1155.5026564598083,2017-09-10T16:00:49.311,5.000298023223877,2017-09-10T16:00:51.811149,True
eis_20170910_160016.head.h5,75,1158.4978563785553,2017-09-10T16:00:42.709,4.999705791473389,2017-09-10T16:00:45.208853,True
eis_20170910_160016.head.h5,76,1161.4930562973022,2017-09-10T16:00:36.023,4.999413013458252,2017-09-10T16:00:38.522707,True
eis_20170910_160016.head.h5,77,1164.4882562160492,2017-09-10T16:00:29.340,5.000107765197754,2017-09-10T16:00:31.840054,True
eis_20170910_160016.head.h5,78,1167.4834561347961,2017-09-10T16:00:22.717,5.000152111053467,2017-09-10T16:00:25.217076,True
eis_20170910_160016.head.h5,79,1170.478656053543,2017-09-10T16:00:16.000,4.999457836151123,2017-09-10T16:00:18.499729,True
eis_20170910_160911.head.h5,0,933.7677764892578,2017-09-10T16:17:58.076,5.000675201416016,2017-09-10T16:18:00.576338,True
eis_20170910_160911.head.h5,1,936.7629764080048,2017-09-10T16:17:51.314,5.000204086303711,2017-09-10T16:17:53.814102,True
eis_20170910_160911.head.h5,2,939.7581763267517,2017-09-10T16:17:44.684,4.999992847442627,2017-09-10T16:17:47.183996,True
eis_20170910_160911.head.h5,3,942.7533762454987,2017-09-10T16:17:37.984,4.999979019165039,2017-09-10T16:17:40.483990,True
eis_20170910_160911.head.h5,4,945.7485761642456,2017-09-10T16:17:31.236,4.999604225158691,2017-09-10T16:17:33.735802,True
eis_20170910_160911.head.h5,5,948.7437760829926,2017-09-10T16:17:24.629,5.00029182434082,2017-09-10T16:17:27.129146,True
eis_20170910_160911.head.h5,6,951.7389760017395,2017-09-10T16:17:17.982,5.000226974487305,2017-09-10T16:17:20.482113,True
eis_20170910_160911.head.h5,7,954.7341759204865,2017-09-10T16:17:11.215,5.000420093536377,2017-09-10T16:17:13.715210,True
eis_20170910_160911.head.h5,8,957.7293758392334,2017-09-10T16:17:04.570,4.9998698234558105,2017-09-10T16:17:07.069935,True
eis_20170910_160911.head.h5,9,960.7245757579803,2017-09-10T16:16:57.895,5.000216960906982,2017-09-10T16:17:00.395108,True
eis_20170910_160911.head.h5,10,963.7197756767273,2017-09-10T16:16:51.254,5.000192165374756,2017-09-10T16:16:53.754096,True
eis_20170910_160911.head.h5,11,966.7149755954742,2017-09-10T16:16:44.658,5.0005011558532715,2017-09-10T16:16:47.158251,True
eis_20170910_160911.head.h5,12,969.7101755142212,2017-09-10T16:16:37.971,5.000868797302246,2017-09-10T16:16:40.471434,True
eis_20170910_160911.head.h5,13,972.7053754329681,2017-09-10T16:16:31.203,4.9993181228637695,2017-09-10T16:16:33.702659,True
eis_20170910_160911.head.h5,14,975.7005753517151,2017-09-10T16:16:24.590,5.0000410079956055,2017-09-10T16:16:27.090021,True
eis_20170910_160911.head.h5,15,978.695775270462,2017-09-10T16:16:18.000,5.000842094421387,2017-09-10T16:16:20.500421,True
eis_20170910_160911.head.h5,16,981.690975189209,2017-09-10T16:16:11.232,4.999516010284424,2017-09-10T16:16:13.731758,True
eis_20170910_160911.head.h5,17,984.6861751079559,2017-09-10T16:16:04.598,5.000302791595459,2017-09-10T16:16:07.098151,True
eis_20170910_160911.head.h5,18,987.6813750267029,2017-09-10T16:15:57.955,4.999632835388184,2017-09-10T16:16:00.454816,True
eis_20170910_160911.head.h5,19,990.6765749454498,2017-09-10T16:15:51.205,5.000424861907959,2017-09-10T16:15:53.705212,True
eis_20170910_160911.head.h5,20,993.6717748641968,2017-09-10T16:15:44.545,5.0004119873046875,2017-09-10T16:15:47.045206,True
eis_20170910_160911.head.h5,21,996.6669747829437,2017-09-10T16:15:37.957,4.9996747970581055,2017-09-10T16:15:40.456837,True
eis_20170910_160911.head.h5,22,999.6621747016907,2017-09-10T16:15:31.186,5.000181198120117,2017-09-10T16:15:33.686091,True
eis_20170910_160911.head.h5,23,1002.6573746204376,2017-09-10T16:15:24.590,5.000290870666504,2017-09-10T16:15:27.090145,True
eis_20170910_160911.head.h5,24,1005.6525745391846,2017-09-10T16:15:17.924,4.999327182769775,2017-09-10T16:15:20.423664,True
eis_20170910_160911.head.h5,25,1008.6477744579315,2017-09-10T16:15:11.186,4.9997239112854,2017-09-10T16:15:13.685862,True
eis_20170910_160911.head.h5,26,1011.6429743766785,2017-09-10T16:15:04.592,4.999728202819824,2017-09-10T16:15:07.091864,True
eis_20170910_160911.head.h5,27,1014.6381742954254,2017-09-10T16:14:57.959,4.999820232391357,2017-09-10T16:15:00.458910,True
eis_20170910_160911.head.h5,28,1017.6333742141724,2017-09-10T16:14:51.184,5.000018119812012,2017-09-10T16:14:53.684009,True
eis_20170910_160911.head.h5,29,1020.6285741329193,2017-09-10T16:14:44.564,5.00084114074707,2017-09-10T16:14:47.064421,True
eis_20170910_160911.head.h5,30,1023.6237740516663,2017-09-10T16:14:37.975,4.9994001388549805,2017-09-10T16:14:40.474700,True
eis_20170910_160911.head.h5,31,1026.6189739704132,2017-09-10T16:14:31.207,5.000156879425049,2017-09-10T16:14:33.707078,True
eis_20170910_160911.head.h5,32,1029.6141738891602,2017-09-10T16:14:24.574,4.99993896484375,2017-09-10T16:14:27.073969,True
eis_20170910_160911.head.h5,33,1032.609373807907,2017-09-10T16:14:17.936,4.9995012283325195,2017-09-10T16:14:20.435751,True
eis_20170910_160911.head.h5,34,1035.604573726654,2017-09-10T16:14:11.182,4.999524116516113,2017-09-10T16:14:13.681762,True
eis_20170910_160911.head.h5,35,1038.599773645401,2017-09-10T16:14:04.574,5.000026226043701,2017-09-10T16:14:07.074013,True
eis_20170910_160911.head.h5,36,1041.594973564148,2017-09-10T16:13:57.928,5.000028133392334,2017-09-10T16:14:00.428014,True
eis_20170910_160911.head.h5,37,1044.590173482895,2017-09-10T16:13:51.160,4.999719142913818,2017-09-10T16:13:53.659860,True
eis_20170910_160911.head.h5,38,1047.5853734016418,2017-09-10T16:13:44.568,4.999481201171875,2017-09-10T16:13:47.067741,True
eis_20170910_160911.head.h5,39,1050.5805733203888,2017-09-10T16:13:37.898,4.999406814575195,2017-09-10T16:13:40.397703,True
eis_20170910_160911.head.h5,40,1053.5757732391357,2017-09-10T16:13:31.160,4.999783039093018,2017-09-10T16:13:33.659892,True
eis_20170910_160911.head.h5,41,1056.5709731578827,2017-09-10T16:13:24.514,4.999645233154297,2017-09-10T16:13:27.013823,True
eis_20170910_160911.head.h5,42,1059.5661730766296,2017-09-10T16:13:17.926,5.000250816345215,2017-09-10T16:13:20.426125,True
eis_20170910_160911.head.h5,43,1062.5613729953766,2017-09-10T16:13:11.160,5.000072956085205,2017-09-10T16:13:13.660036,True
eis_20170910_160911.head.h5,44,1065.5565729141235,2017-09-10T16:13:04.490,5.000042915344238,2017-09-10T16:13:06.990021,True
eis_20170910_160911.head.h5,45,1068.5517728328705,2017-09-10T16:12:57.896,5.000485897064209,2017-09-10T16:13:00.396243,True
eis_20170910_160911.head.h5,46,1071.5469727516174,2017-09-10T16:12:51.125,5.000042915344238,2017-09-10T16:12:53.625021,True
eis_20170910_160911.head.h5,47,1074.5421726703644,2017-09-10T16:12:44.543,5.0001630783081055,2017-09-10T16:12:47.043082,True
eis_20170910_160911.head.h5,48,1077.5373725891113,2017-09-10T16:12:37.912,5.000123977661133,2017-09-10T16:12:40.412062,True
eis_20170910_160911.head.h5,49,1080.5325725078583,2017-09-10T16:12:31.154,5.000150203704834,2017-09-10T16:12:33.654075,True
eis_20170910_160911.head.h5,50,1083.5277724266052,2017-09-10T16:12:24.545,4.999844074249268,2017-09-10T16:12:27.044922,True
eis_20170910_160911.head.h5,51,1086.5229723453522,2017-09-10T16:12:17.951,5.000583171844482,2017-09-10T16:12:20.451292,True
eis_20170910_160911.head.h5,52,1089.5181722640991,2017-09-10T16:12:11.180,4.999530792236328,2017-09-10T16:12:13.679765,True
eis_20170910_160911.head.h5,53,1092.513372182846,2017-09-10T16:12:04.539,5.000389099121094,2017-09-10T16:12:07.039195,True
eis_20170910_160911.head.h5,54,1095.508572101593,2017-09-10T16:11:57.865,5.000731945037842,2017-09-10T16:12:00.365366,True
eis_20170910_160911.head.h5,55,1098.50377202034,2017-09-10T16:11:51.127,4.999744892120361,2017-09-10T16:11:53.626872,True
eis_20170910_160911.head.h5,56,1101.498971939087,2017-09-10T16:11:44.529,5.000247955322266,2017-09-10T16:11:47.029124,True
eis_20170910_160911.head.h5,57,1104.4941718578339,2017-09-10T16:11:37.896,5.0005269050598145,2017-09-10T16:11:40.396263,True
eis_20170910_160911.head.h5,58,1107.4893717765808,2017-09-10T16:11:31.129,5.000702857971191,2017-09-10T16:11:33.629351,True
eis_20170910_160911.head.h5,59,1110.4845716953278,2017-09-10T16:11:24.512,5.000529766082764,2017-09-10T16:11:27.012265,True
eis_20170910_160911.head.h5,60,1113.4797716140747,2017-09-10T16:11:17.859,5.00056791305542,2017-09-10T16:11:20.359284,True
eis_20170910_160911.head.h5,61,1116.4749715328217,2017-09-10T16:11:11.090,5.0006937980651855,2017-09-10T16:11:13.590347,True
eis_20170910_160911.head.h5,62,1119.4701714515686,2017-09-10T16:11:04.504,5.000268936157227,2017-09-10T16:11:07.004134,True
eis_20170910_160911.head.h5,63,1122.4653713703156,2017-09-10T16:10:57.877,5.000736236572266,2017-09-10T16:11:00.377368,True
eis_20170910_160911.head.h5,64,1125.4605712890625,2017-09-10T16:10:51.119,5.000411033630371,2017-09-10T16:10:53.619206,True
eis_20170910_160911.head.h5,65,1128.4557712078094,2017-09-10T16:10:44.459,4.999598026275635,2017-09-10T16:10:46.958799,True
eis_20170910_160911.head.h5,66,1131.4509711265564,2017-09-10T16:10:37.859,4.999359130859375,2017-09-10T16:10:40.358680,True
eis_20170910_160911.head.h5,67,1134.4461710453033,2017-09-10T16:10:31.084,4.999505043029785,2017-09-10T16:10:33.583753,True
eis_20170910_160911.head.h5,68,1137.4413709640503,2017-09-10T16:10:24.453,4.999800205230713,2017-09-10T16:10:26.952900,True
eis_20170910_160911.head.h5,69,1140.4365708827972,2017-09-10T16:10:17.842,4.99993896484375,2017-09-10T16:10:20.341969,True
eis_20170910_160911.head.h5,70,1143.4317708015442,2017-09-10T16:10:11.102,4.9996490478515625,2017-09-10T16:10:13.601825,True
eis_20170910_160911.head.h5,71,1146.4269707202911,2017-09-10T16:10:04.449,5.000609874725342,2017-09-10T16:10:06.949305,True
eis_20170910_160911.head.h5,72,1149.422170639038,2017-09-10T16:09:57.861,5.000393867492676,2017-09-10T16:10:00.361197,True
eis_20170910_160911.head.h5,73,1152.417370557785,2017-09-10T16:09:51.096,4.999972820281982,2017-09-10T16:09:53.595986,True
eis_20170910_160911.head.h5,74,1155.412570476532,2017-09-10T16:09:44.434,5.0009307861328125,2017-09-10T16:09:46.934465,True
eis_20170910_160911.head.h5,75,1158.407770395279,2017-09-10T16:09:37.838,5.000223159790039,2017-09-10T16:09:40.338112,True
eis_20170910_160911.head.h5,76,1161.4029703140259,2017-09-10T16:09:31.064,4.999910831451416,2017-09-10T16:09:33.563955,True
eis_20170910_160911.head.h5,77,1164.3981702327728,2017-09-10T16:09:24.436,5.000147819519043,2017-09-10T16:09:26.936074,True
eis_20170910_160911.head.h5,78,1167.3933701515198,2017-09-10T16:09:17.758,5.000484943389893,2017-09-10T16:09:20.258242,True
eis_20170910_160911.head.h5,79,1170.3885700702667,2017-09-10T16:09:11.000,4.999908924102783,2017-09-10T16:09:13.499954,True
