window,archive_label,wavelength_min,wavelength_max,y_bottom,y_top
win00,Ca XV 181.900,181.7290802001953,182.06356811523438,-368.4818420410156,-64.48184204101562
win01,Fe XII 186.880,186.5228729248047,187.21395874023438,-368.08807373046875,-64.08807373046875
win02,Fe XI 188.230,187.88275146484375,188.5738067626953,-367.9803466796875,-63.9803466796875
win03,Ca XVII 192.380,191.67208862304688,193.07618713378906,-367.6520080566406,-63.652008056640625
win04,Ca XIV 194.100,193.65562438964844,194.52474975585938,-367.51611328125,-63.51611328125
win05,Ca XV 201.070,200.7189483642578,201.4095458984375,-366.9637451171875,-62.9637451171875
win06,O V 248.400,248.0395050048828,248.73001098632812,-351.85504150390625,-47.85504150390625
win07,Fe XXII 253.100,252.82801818847656,253.34019470214844,-351.48284912109375,-47.48284912109375
win08,Fe XXIV 254.850,254.4090576171875,255.2774658203125,-351.3435363769531,-47.343536376953125
win09,Si XIII 256.480,256.1235656738281,256.81378173828125,-351.21478271484375,-47.21478271484375
win10,Fe XVI 262.980,262.8019714355469,263.1358337402344,-350.6999816894531,-46.699981689453125
win11,Fe XXIII 263.700,263.4251708984375,263.93707275390625,-350.6435546875,-46.6435546875
win12,Si VII 275.450,275.083984375,275.77349853515625,-349.7131652832031,-45.713165283203125
win13,O IV 280.000,279.6431884765625,280.33251953125,-349.3520812988281,-45.352081298828125
win14,Fe XV 284.160,283.8900146484375,284.4013366699219,-349.02276611328125,-45.02276611328125
