time_UTC,acquisition_start_UTC,acquisition_end_exclusive_UTC,relation_by_full_exposure,MAG_samples,first_MAG_UTC,last_MAG_UTC,N_cm3,T_proton_eV,p_proton_Pa,PAS_quality_factor,PAS_Info,PAS_unrecovered_count,MAG_quality_flags,MAG_quality_bitmasks,B_R_nT,V_R_km_s,B_T_nT,V_T_km_s,B_N_nT,V_N_km_s
2021-08-30T10:21:10.500562000,2021-08-30T10:21:10.000562000,2021-08-30T10:21:11.000562000,before,8,2021-08-30T10:21:10.063003152,2021-08-30T10:21:10.938003435,30.067245483398438,20.449623107910156,9.851204743808425e-11,0.0,0,0.0,3,128;136,-1.11887826025486,481.2843322753906,8.282216310501099,-25.678720474243164,-4.266837000846863,-15.566059112548828
2021-08-30T10:21:14.500569000,2021-08-30T10:21:14.000569000,2021-08-30T10:21:15.000569000,before,8,2021-08-30T10:21:14.063001573,2021-08-30T10:21:14.938001856,30.145780563354492,20.942859649658203,1.0115163557977715e-10,0.0,0,0.0,3,128,0.18454001046484336,477.4995422363281,8.517817258834839,-26.909982681274414,-4.720641553401947,-15.408401489257812
2021-08-30T10:21:18.500575000,2021-08-30T10:21:18.000575000,2021-08-30T10:21:19.000575000,before,8,2021-08-30T10:21:18.062999993,2021-08-30T10:21:18.938000276,29.9370059967041,21.057966232299805,1.0100321153970545e-10,0.0,0,0.0,3,128,-0.7860184162855148,482.00030517578125,8.649890542030334,-27.630762100219727,-4.674618601799011,-14.75684642791748
2021-08-30T10:21:22.500582000,2021-08-30T10:21:22.000582000,2021-08-30T10:21:23.000582000,before,8,2021-08-30T10:21:22.062998414,2021-08-30T10:21:22.937998697,29.265464782714844,22.027137756347656,1.0328182120412829e-10,0.0,0,0.0,3,128,0.14664330892264843,477.8997497558594,9.004713416099548,-23.90825843811035,-4.051937252283096,-13.467463493347168
2021-08-30T10:21:26.500589000,2021-08-30T10:21:26.000589000,2021-08-30T10:21:27.000589000,inside_core,8,2021-08-30T10:21:26.062996834,2021-08-30T10:21:26.937997117,32.017906188964844,22.42417335510254,1.1503228951257878e-10,0.0,0,0.0,3,128,-5.821852952241898,462.6009826660156,7.925470471382141,-19.02401351928711,-1.2859089840203524,-8.479277610778809
2021-08-30T10:21:30.500596000,2021-08-30T10:21:30.000596000,2021-08-30T10:21:31.000596000,after,8,2021-08-30T10:21:30.062995254,2021-08-30T10:21:30.937995538,29.832094192504883,22.080575942993164,1.0553694843631046e-10,0.0,0,0.0,3,128,-8.066329181194305,450.0518493652344,5.753703236579895,-27.626319885253906,-1.1292883604764938,-4.3817901611328125
2021-08-30T10:21:34.500602000,2021-08-30T10:21:34.000602000,2021-08-30T10:21:35.000602000,after,8,2021-08-30T10:21:34.063003733,2021-08-30T10:21:34.938004016,28.357349395751953,23.841205596923828,1.0831889997473657e-10,0.0,0,0.0,3,128,-9.238469004631042,449.2381896972656,5.055011570453644,-32.44878387451172,-0.18316908832639456,1.1112799644470215
2021-08-30T10:21:38.500609000,2021-08-30T10:21:38.000609000,2021-08-30T10:21:39.000609000,after,8,2021-08-30T10:21:38.063002154,2021-08-30T10:21:38.938002437,29.60116195678711,22.140487670898438,1.0500411896062732e-10,0.0,0,0.0,3,132;140,-6.854616165161133,448.2828674316406,7.311895489692688,-25.151464462280273,-1.2657068520784378,0.4761334955692291
2021-08-30T10:21:42.500616000,2021-08-30T10:21:42.000616000,2021-08-30T10:21:43.000616000,after,8,2021-08-30T10:21:42.063000574,2021-08-30T10:21:42.938000857,30.789642333984375,23.338542938232422,1.1513007208542679e-10,0.0,0,0.0,3,132,-7.274007976055145,446.6518249511719,6.466464161872864,-29.68505859375,-0.6501642689108849,3.563737392425537
