baseline,sigma_arcsec,ray_group,UTC,seconds,C_arcsec,E_arcsec,model_C_arcsec,model_E_arcsec,q10_arcsec,q50_arcsec,q90_arcsec,intensity_ratio
15:30:24,5.0,five,2017-09-10T15:54:24.748072,0.0,102.5,-87.81602935652262,102.5,-87.81602935652262,-325.7370251070596,-251.98689128388625,-194.97929487225645,1.0157343847393303
15:30:24,5.0,five,2017-09-10T15:55:34.734539,69.986467,192.5,-78.82164775455162,175.13236443550795,-58.722242414435215,-359.1604384169456,-266.65419629328443,-182.59529022060588,0.6960493387080359
15:30:24,5.0,five,2017-09-10T15:56:24.752036,120.003964,235.0,-73.89220412286099,227.04081511149252,-37.929674029828846,-361.7537277952621,-268.4716199167212,-177.58215730236552,0.5801246806100898
15:30:24,5.0,five,2017-09-10T15:57:14.738532,169.99046,282.5,-72.86910479164504,278.9170927685153,-17.149992943691075,-353.42710632983,-256.5836121978851,-161.94063444295142,0.5375441787285795
15:30:24,5.0,five,2017-09-10T15:58:24.756039,240.007967,340.0,-79.27601677517873,351.5816706974131,11.956697509394871,-344.5802302888532,-252.04494431923604,-154.2083975373875,0.5102123109390603
15:30:24,5.0,three,2017-09-10T15:54:24.748072,0.0,105.0,-87.70748996278543,105.0,-87.70748996278544,-325.3277995537922,-251.5740485040552,-195.021319182438,1.0188423086843823
15:30:24,5.0,three,2017-09-10T15:55:34.734539,69.986467,190.0,-78.73162746482599,176.07794059890176,-59.236346607636165,-359.6143885278821,-267.2067353227964,-182.57895569117903,0.6956290926499513
15:30:24,5.0,three,2017-09-10T15:56:24.752036,120.003964,235.0,-73.73639467770813,226.8754852252328,-38.88876530520025,-362.60411079743545,-269.28910666882405,-177.6656198373598,0.5789978374991681
15:30:24,5.0,three,2017-09-10T15:57:14.738532,169.99046,275.0,-73.12545948298255,277.64154537562223,-18.55379549685719,-353.0462455600072,-255.6692157691388,-161.32709678203912,0.5402154783357582
15:30:24,5.0,three,2017-09-10T15:58:24.756039,240.007967,342.5,-79.9995159741073,348.7510100586899,9.929975217946378,-345.16698455331715,-251.67548829032083,-153.83401492655915,0.5105388528676152
15:30:24,10.0,five,2017-09-10T15:54:24.748072,0.0,105.0,-86.0948530484034,105.0,-86.09485304840342,-326.2279963980636,-252.63357351971587,-195.74335011892825,1.0096986747571577
15:30:24,10.0,five,2017-09-10T15:55:34.734539,69.986467,190.0,-76.59853371666694,176.52439257134535,-57.444877864397995,-360.1277289330614,-267.08582419253486,-182.71939832745755,0.6948983329466039
15:30:24,10.0,five,2017-09-10T15:56:24.752036,120.003964,240.0,-71.06776463073285,227.64100474243958,-36.96949013242309,-362.85413630519406,-268.9277775602033,-177.3943428190665,0.5833493643658316
15:30:24,10.0,five,2017-09-10T15:57:14.738532,169.99046,282.5,-69.85412931251864,278.7259346785369,-16.506793109363088,-354.82410936500844,-257.6591332462155,-165.15640218688793,0.5396030914065254
15:30:24,10.0,five,2017-09-10T15:58:24.756039,240.007967,337.5,-74.19892693035302,350.2820493418892,12.15588874877281,-343.47004925004927,-252.1744058084581,-156.30843822241172,0.5094801619684936
15:30:24,10.0,three,2017-09-10T15:54:24.748072,0.0,105.0,-86.04519368174174,105.0,-86.04519368174174,-325.7657082021092,-252.0066222447506,-195.6834843771257,1.0127935518395994
15:30:24,10.0,three,2017-09-10T15:55:34.734539,69.986467,190.0,-76.61120644087846,176.16060571007023,-57.54093779954516,-360.6655781464482,-267.60135397523675,-182.6410191858105,0.6945326169465019
15:30:24,10.0,three,2017-09-10T15:56:24.752036,120.003964,237.5,-71.02969908170053,227.0172289286936,-37.16969184030853,-363.7355250775297,-269.62563006852685,-177.3744069939221,0.5822710840328378
15:30:24,10.0,three,2017-09-10T15:57:14.738532,169.99046,277.5,-70.087207629166,277.84233105428024,-16.81107204259257,-354.51359170323303,-256.7810258263486,-164.7069523405802,0.5420680218826754
15:30:24,10.0,three,2017-09-10T15:58:24.756039,240.007967,340.0,-75.03406674015753,349.0344975116767,11.705825885138097,-343.9073485255652,-251.7095056600006,-155.97936295202192,0.5097490349472535
15:46:24,5.0,five,2017-09-10T15:54:24.748072,0.0,102.5,-87.92326308893306,102.5,-87.92326308893307,-325.90639366523664,-255.2630330036167,-195.30882825291525,1.007423475699207
15:46:24,5.0,five,2017-09-10T15:55:34.734539,69.986467,185.0,-78.87645216530272,176.0916749528276,-58.44521251975442,-359.74172141577714,-268.4304924897016,-182.54749000868225,0.6903541463148739
15:46:24,5.0,five,2017-09-10T15:56:24.752036,120.003964,250.0,-73.9647421088986,228.68571975834732,-37.3780209738554,-362.09562400592966,-269.4619347153854,-176.47367268921082,0.5753780032061163
15:46:24,5.0,five,2017-09-10T15:57:14.738532,169.99046,280.0,-72.87870879133006,281.2471666115341,-16.323886938713343,-353.91656719920314,-257.69063604966107,-159.85055961228235,0.5331459021303057
15:46:24,5.0,five,2017-09-10T15:58:24.756039,240.007967,342.5,-79.1794380067742,354.87148052569887,13.167237567883376,-344.7395704735965,-252.96734156280056,-152.7209630423768,0.506037668265667
15:46:24,5.0,three,2017-09-10T15:54:24.748072,0.0,102.5,-87.83017137871562,102.5,-87.83017137871558,-324.7041029194521,-255.2300633290218,-195.48764533220825,1.0092237298011506
15:46:24,5.0,three,2017-09-10T15:55:34.734539,69.986467,187.5,-78.7707569143934,175.92629333358957,-58.4183664512924,-360.15112656906035,-269.0635337240206,-182.75811325339632,0.6890618709669761
15:46:24,5.0,three,2017-09-10T15:56:24.752036,120.003964,250.0,-73.71575580409593,228.40214422250403,-37.39851893245748,-362.9134616969092,-270.28085723781965,-176.69956571878538,0.5735316958541498
15:46:24,5.0,three,2017-09-10T15:57:14.738532,169.99046,277.5,-73.13904562270721,280.84547041604236,-16.391699580404463,-353.4129011556689,-256.93729238477937,-159.2383403893328,0.5351154690919088
15:46:24,5.0,three,2017-09-10T15:58:24.756039,240.007967,342.5,-80.04236549766213,354.3043293618533,13.033149903546274,-345.28802920025976,-252.7898061820289,-152.373218319689,0.5057190115757838
15:46:24,10.0,five,2017-09-10T15:54:24.748072,0.0,105.0,-85.9023520048319,105.0,-85.90235200483191,-326.59039659139404,-255.9586678155959,-196.34018512141995,1.0013764335032584
15:46:24,10.0,five,2017-09-10T15:55:34.734539,69.986467,187.5,-76.60202995717687,177.71518341489855,-56.77539090188827,-360.7439315704137,-268.90446516147074,-182.8109333943801,0.6891707711320804
15:46:24,10.0,five,2017-09-10T15:56:24.752036,120.003964,250.0,-71.15488413171812,229.68282264876842,-35.95911381241038,-363.2250191867921,-270.0241305893915,-176.553750358258,0.5785412228212972
15:46:24,10.0,five,2017-09-10T15:57:14.738532,169.99046,280.0,-69.9458014484703,281.6182521784245,-15.155738716129974,-355.33880234523986,-258.8318838475225,-163.53395672023308,0.535155519848491
15:46:24,10.0,five,2017-09-10T15:58:24.756039,240.007967,342.5,-74.27579614920333,354.3656858181157,13.984140611027414,-343.6709747357117,-253.05275719078145,-154.84473693700733,0.5052808726874639
15:46:24,10.0,three,2017-09-10T15:54:24.748072,0.0,105.0,-85.89091738209112,105.0,-85.89091738209113,-325.3698937841032,-255.6763395224717,-196.45460894617136,1.0031968078451188
15:46:24,10.0,three,2017-09-10T15:55:34.734539,69.986467,190.0,-76.65371259401125,177.35134522121854,-56.90969614278251,-361.2052927022899,-269.4826065652901,-182.91075862548144,0.6879515603150238
15:46:24,10.0,three,2017-09-10T15:56:24.752036,120.003964,247.5,-71.10994215379415,229.05895881669068,-36.1975755210421,-364.0432569212509,-270.7593338615057,-176.70892303081283,0.5767537636285934
15:46:24,10.0,three,2017-09-10T15:57:14.738532,169.99046,277.5,-70.21786566376089,280.73452387264723,-15.498292335997007,-354.93963392775777,-258.1196381367636,-163.16677398156125,0.5369316463358983
15:46:24,10.0,three,2017-09-10T15:58:24.756039,240.007967,342.5,-75.2396882842073,353.11795795121105,13.495782489809557,-344.0510636693839,-252.77684065476316,-154.56059000635392,0.504918898557723
15:50:24,5.0,five,2017-09-10T15:54:24.748072,0.0,102.5,-87.33133042839381,102.5,-87.33133042839383,-326.3964382968991,-256.3653395710946,-191.81464878249076,0.9551196666229436
15:50:24,5.0,five,2017-09-10T15:55:34.734539,69.986467,192.5,-78.83643492688418,177.11693030892053,-57.44260121584139,-355.23853438421605,-265.2799489292342,-177.63594640202612,0.6545120676509842
15:50:24,5.0,five,2017-09-10T15:56:24.752036,120.003964,250.0,-74.04057129275891,230.44369829501767,-36.08190838757429,-358.42562350452937,-265.48846884757296,-169.3354557131347,0.5455053012567327
15:50:24,5.0,five,2017-09-10T15:57:14.738532,169.99046,282.5,-72.97884367118206,283.7374141846787,-14.734454983070606,-349.97649877722574,-254.28162959302696,-153.34577999552357,0.5054658230498954
15:50:24,5.0,five,2017-09-10T15:58:24.756039,240.007967,345.0,-79.22495734079222,358.38743817036374,15.167530308757222,-342.03079157318865,-250.6375624625615,-148.95504803441892,0.479765005155454
15:50:24,5.0,three,2017-09-10T15:54:24.748072,0.0,105.0,-87.19503345581676,105.0,-87.1950334558168,-325.3645545036396,-256.73186822769065,-191.9246283064145,0.9532024079168222
15:50:24,5.0,three,2017-09-10T15:55:34.734539,69.986467,190.0,-78.70093647261059,178.70741514819252,-57.67062172779728,-354.2546663395255,-265.25463933001697,-177.56328958041257,0.6508125158123323
15:50:24,5.0,three,2017-09-10T15:56:24.752036,120.003964,247.5,-73.82893172698999,231.38417644337937,-36.57029707456135,-358.32104420076536,-265.88854741833603,-169.4832632839531,0.5416953420353184
15:50:24,5.0,three,2017-09-10T15:57:14.738532,169.99046,282.5,-73.22341807284651,284.02828851829616,-15.483050468085253,-348.23740321642623,-253.431071294858,-153.0026783035689,0.5054115738563223
15:50:24,5.0,three,2017-09-10T15:58:24.756039,240.007967,347.5,-79.88999211615906,357.76839396025923,14.054455759189892,-341.1323895588823,-250.29404923875217,-148.84240870661446,0.4776468936757286
15:50:24,10.0,five,2017-09-10T15:54:24.748072,0.0,105.0,-84.72145656319762,105.0,-84.72145656319765,-326.94894802454235,-257.3011115178476,-193.19050331659795,0.9499909723374608
15:50:24,10.0,five,2017-09-10T15:55:34.734539,69.986467,190.0,-76.31467109621194,177.9135887214319,-55.515021774365835,-356.47294020844856,-266.11211459992955,-178.23944528478145,0.6538060903669074
15:50:24,10.0,five,2017-09-10T15:56:24.752036,120.003964,247.5,-71.06314320155961,230.02302303726123,-34.64194692075034,-359.818568832972,-266.49082182223145,-170.25347192121276,0.5488534784891353
15:50:24,10.0,five,2017-09-10T15:57:14.738532,169.99046,282.5,-69.8726768053209,282.1001597638445,-13.781809263762995,-350.9158706480576,-255.2609193397942,-156.8861398156658,0.5076941054764427
15:50:24,10.0,five,2017-09-10T15:58:24.756039,240.007967,342.5,-73.7759938955823,355.0460867056629,15.437578996999974,-341.03985973295767,-250.5695958673733,-150.62224802222786,0.4793524707472784
15:50:24,10.0,three,2017-09-10T15:54:24.748072,0.0,107.5,-84.62059396404527,107.5,-84.62059396404524,-325.801884490274,-257.53045779735334,-193.27337114120223,0.9481447330986548
15:50:24,10.0,three,2017-09-10T15:55:34.734539,69.986467,190.0,-76.3025962996054,178.94177872808558,-56.00371077109568,-355.5301779746597,-266.11755353847207,-178.14464461561067,0.6501990869974887
15:50:24,10.0,three,2017-09-10T15:56:24.752036,120.003964,245.0,-71.00027399768486,229.9993489467206,-35.55197301938571,-359.7510781011712,-266.8183600926598,-170.30468609555768,0.5451034522866062
15:50:24,10.0,three,2017-09-10T15:57:14.738532,169.99046,280.0,-70.11791108832853,281.02527352474414,-15.112911318259421,-348.9518871874849,-254.3193733694612,-156.62817425567798,0.5074666391741237
15:50:24,10.0,three,2017-09-10T15:58:24.756039,240.007967,342.5,-74.53692859605489,352.49873770441445,13.516663872048866,-340.06230728866024,-250.15469231570367,-150.47710139381456,0.4772106435803073
