baseline,sigma_arcsec,ray_group,UTC,seconds,C_arcsec,E_arcsec,q10_arcsec,q50_arcsec,q90_arcsec,intensity_ratio,required_head_arcsec,required_tail_arcsec,aperture_overlap_arcsec,tail_gap_below_aperture_arcsec,inside_aperture_any
15:30:24,5.0,five,2017-09-10T15:54:24.748072,0.0,102.5,-87.81602935652262,-325.7370251070596,-251.98689128388625,-194.97929487225645,1.0157343847393303,-390.4470076274688,-344.9970658000551,45.44994182741368,-55.00293419994489,True
15:30:24,5.0,five,2017-09-10T15:55:34.734539,69.986467,192.5,-78.82164775455162,-359.1604384169456,-266.65419629328443,-182.59529022060588,0.6960493387080359,-510.2636863661611,-445.4685498311219,0.0,45.46854983112189,False
15:30:24,5.0,five,2017-09-10T15:56:24.752036,120.003964,235.0,-73.89220412286099,-361.7537277952621,-268.4716199167212,-177.58215730236552,0.5801246806100898,-565.0770519259418,-491.3095781309423,0.0,91.30957813094233,False
15:30:24,5.0,five,2017-09-10T15:57:14.738532,169.99046,282.5,-72.86910479164504,-353.42710632983,-256.5836121978851,-161.94063444295142,0.5375441787285795,-637.9591825638045,-553.0924207116882,0.0,153.0924207116882,False
15:30:24,5.0,five,2017-09-10T15:58:24.756039,240.007967,340.0,-79.27601677517873,-344.5802302888532,-252.04494431923604,-154.2083975373875,0.5102123109390603,-745.987651897201,-645.859088704221,0.0,245.859088704221,False
15:30:24,5.0,three,2017-09-10T15:54:24.748072,0.0,105.0,-87.70748996278543,-325.3277995537922,-251.5740485040552,-195.021319182438,1.0188423086843823,-394.14124861548265,-348.1201949074528,46.021053708029854,-51.8798050925472,True
15:30:24,5.0,three,2017-09-10T15:55:34.734539,69.986467,190.0,-78.73162746482599,-359.6143885278821,-267.2067353227964,-182.57895569117903,0.6956290926499513,-506.0551460722537,-441.8785400514222,0.0,41.87854005142219,False
15:30:24,5.0,three,2017-09-10T15:56:24.752036,120.003964,235.0,-73.73639467770813,-362.60411079743545,-269.28910666882405,-177.6656198373598,0.5789978374991681,-564.6734821372703,-490.94321766322133,0.0,90.94321766322133,False
15:30:24,5.0,three,2017-09-10T15:57:14.738532,169.99046,275.0,-73.12545948298255,-353.0462455600072,-255.6692157691388,-161.32709678203912,0.5402154783357582,-626.6970567917771,-543.5601716032833,0.0,143.56017160328327,False
15:30:24,5.0,three,2017-09-10T15:58:24.756039,240.007967,342.5,-79.9995159741073,-345.16698455331715,-251.67548829032083,-153.83401492655915,0.5105388528676152,-751.8369974020121,-650.9386206963849,0.0,250.93862069638487,False
15:30:24,10.0,five,2017-09-10T15:54:24.748072,0.0,105.0,-86.0948530484034,-326.2279963980636,-252.63357351971587,-195.74335011892825,1.0096986747571577,-389.9642775846031,-344.3283425352339,45.63593504936921,-55.6716574647661,True
15:30:24,10.0,five,2017-09-10T15:55:34.734539,69.986467,190.0,-76.59853371666694,-360.1277289330614,-267.08582419253486,-182.71939832745755,0.6948983329466039,-500.5301139259909,-436.8629184214152,0.0,36.8629184214152,False
15:30:24,10.0,five,2017-09-10T15:56:24.752036,120.003964,240.0,-71.06776463073285,-362.85413630519406,-268.9277775602033,-177.3943428190665,0.5833493643658316,-565.7120793374213,-491.42505341189906,0.0,91.42505341189906,False
15:30:24,10.0,five,2017-09-10T15:57:14.738532,169.99046,282.5,-69.85412931251864,-354.82410936500844,-257.6591332462155,-165.15640218688793,0.5396030914065254,-630.1499447106892,-546.0031981962231,0.0,146.00319819622314,False
15:30:24,10.0,five,2017-09-10T15:58:24.756039,240.007967,337.5,-74.19892693035302,-343.47004925004927,-252.1744058084581,-156.30843822241172,0.5094801619684936,-728.8618548576133,-630.5427992181105,0.0,230.54279921811053,False
15:30:24,10.0,three,2017-09-10T15:54:24.748072,0.0,105.0,-86.04519368174174,-325.7657082021092,-252.0066222447506,-195.6834843771257,1.0127935518395994,-389.8356523906071,-344.2115766435447,45.62407574706242,-55.788423356455326,True
15:30:24,10.0,three,2017-09-10T15:55:34.734539,69.986467,190.0,-76.61120644087846,-360.6655781464482,-267.60135397523675,-182.6410191858105,0.6945326169465019,-500.56293817889116,-436.89271626303434,0.0,36.892716263034345,False
15:30:24,10.0,three,2017-09-10T15:56:24.752036,120.003964,237.5,-71.02969908170053,-363.7355250775297,-269.62563006852685,-177.3744069939221,0.5822710840328378,-561.638109599885,-487.95720672110616,0.0,87.95720672110616,False
15:30:24,10.0,three,2017-09-10T15:57:14.738532,169.99046,277.5,-70.087207629166,-354.51359170323303,-256.7810258263486,-164.7069523405802,0.5420680218826754,-622.8029039104568,-539.7945602616704,0.0,139.79456026167043,False
15:30:24,10.0,three,2017-09-10T15:58:24.756039,240.007967,340.0,-75.03406674015753,-343.9073485255652,-251.7095056600006,-155.97936295202192,0.5097490349472535,-735.000366257946,-635.8848358766445,0.0,235.8848358766445,False
15:46:24,5.0,five,2017-09-10T15:54:24.748072,0.0,102.5,-87.92326308893306,-325.90639366523664,-255.2630330036167,-195.30882825291525,1.007423475699207,-390.72475904802536,-345.24920841132496,45.475550636700405,-54.75079158867504,True
15:46:24,5.0,five,2017-09-10T15:55:34.734539,69.986467,185.0,-78.87645216530272,-359.74172141577714,-268.4304924897016,-182.54749000868225,0.6903541463148739,-498.47951519397765,-435.46238814962186,0.0,35.46238814962186,False
15:46:24,5.0,five,2017-09-10T15:56:24.752036,120.003964,250.0,-73.9647421088986,-362.09562400592966,-269.4619347153854,-176.47367268921082,0.5753780032061163,-589.1171817704432,-511.75018996861525,0.0,111.75018996861525,False
15:46:24,5.0,five,2017-09-10T15:57:14.738532,169.99046,280.0,-72.87870879133006,-353.91656719920314,-257.69063604966107,-159.85055961228235,0.5331459021303057,-634.0086840938991,-549.7366611806113,0.0,149.73666118061135,False
15:46:24,5.0,five,2017-09-10T15:58:24.756039,240.007967,342.5,-79.1794380067742,-344.7395704735965,-252.96734156280056,-152.7209630423768,0.506037668265667,-749.7128726954127,-649.0103412690048,0.0,249.0103412690048,False
15:46:24,5.0,three,2017-09-10T15:54:24.748072,0.0,102.5,-87.83017137871562,-324.7041029194521,-255.2300633290218,-195.48764533220825,1.0092237298011506,-390.48363758210485,-345.03031845595194,45.453319126152905,-54.96968154404806,True
15:46:24,5.0,three,2017-09-10T15:55:34.734539,69.986467,187.5,-78.7707569143934,-360.15112656906035,-269.0635337240206,-182.75811325339632,0.6890618709669761,-502.18112293770304,-438.5922047944514,0.0,38.59220479445139,False
15:46:24,5.0,three,2017-09-10T15:56:24.752036,120.003964,250.0,-73.71575580409593,-362.9134616969092,-270.28085723781965,-176.69956571878538,0.5735316958541498,-588.472269966074,-511.16473933053544,0.0,111.16473933053544,False
15:46:24,5.0,three,2017-09-10T15:57:14.738532,169.99046,277.5,-73.13904562270721,-353.4129011556689,-256.93729238477937,-159.2383403893328,0.5351154690919088,-630.7076211944736,-546.9704589603998,0.0,146.9704589603998,False
15:46:24,5.0,three,2017-09-10T15:58:24.756039,240.007967,342.5,-80.04236549766213,-345.28802920025976,-252.7898061820289,-152.373218319689,0.5057190115757838,-751.9479840828819,-651.0393743540066,0.0,251.03937435400655,False
15:46:24,10.0,five,2017-09-10T15:54:24.748072,0.0,105.0,-85.9023520048319,-326.59039659139404,-255.9586678155959,-196.34018512141995,1.0013764335032584,-389.46567106304747,-343.87570776530436,45.58996329774311,-56.124292234695645,True
15:46:24,10.0,five,2017-09-10T15:55:34.734539,69.986467,187.5,-76.60202995717687,-360.7439315704137,-268.90446516147074,-182.8109333943801,0.6891707711320804,-496.5637954454495,-433.4927974919911,0.0,33.4927974919911,False
15:46:24,10.0,five,2017-09-10T15:56:24.752036,120.003964,250.0,-71.15488413171812,-363.2250191867921,-270.0241305893915,-176.553750358258,0.5785412228212972,-581.8392289548424,-505.14326776477077,0.0,105.14326776477077,False
15:46:24,10.0,five,2017-09-10T15:57:14.738532,169.99046,280.0,-69.9458014484703,-355.33880234523986,-258.8318838475225,-163.53395672023308,0.535155519848491,-626.4120149998685,-542.840408486444,0.0,142.84040848644395,False
15:46:24,10.0,five,2017-09-10T15:58:24.756039,240.007967,342.5,-74.27579614920333,-343.6709747357117,-253.05275719078145,-154.84473693700733,0.5052808726874639,-737.0117061760224,-637.480228170194,0.0,237.48022817019398,False
15:46:24,10.0,three,2017-09-10T15:54:24.748072,0.0,105.0,-85.89091738209112,-325.3698937841032,-255.6763395224717,-196.45460894617136,1.0031968078451188,-389.43605367830867,-343.8488211171207,45.58723256118799,-56.15117888287932,True
15:46:24,10.0,three,2017-09-10T15:55:34.734539,69.986467,190.0,-76.65371259401125,-361.2052927022899,-269.4826065652901,-182.91075862548144,0.6879515603150238,-500.6730354789632,-436.9926625411787,0.0,36.992662541178674,False
15:46:24,10.0,three,2017-09-10T15:56:24.752036,120.003964,247.5,-71.10994215379415,-364.0432569212509,-270.7593338615057,-176.70892303081283,0.5767537636285934,-577.7474482370287,-501.65925227431023,0.0,101.65925227431023,False
15:46:24,10.0,three,2017-09-10T15:57:14.738532,169.99046,277.5,-70.21786566376089,-354.93963392775777,-258.1196381367636,-163.16677398156125,0.5369316463358983,-623.1413277804472,-540.1017812945078,0.0,140.10178129450776,False
15:46:24,10.0,three,2017-09-10T15:58:24.756039,240.007967,342.5,-75.2396882842073,-344.0510636693839,-252.7768406547632,-154.56059000635392,0.504918898557723,-739.508331106841,-639.7466631290382,0.0,239.7466631290382,False
15:50:24,5.0,five,2017-09-10T15:54:24.748072,0.0,102.5,-87.33133042839381,-326.3964382968991,-256.3653395710946,-191.8146487824908,0.9551196666229436,-389.19156484091434,-343.8573754183913,45.334189422523025,-56.142624581608686,True
15:50:24,5.0,five,2017-09-10T15:55:34.734539,69.986467,192.5,-78.83643492688418,-355.23853438421605,-265.2799489292342,-177.63594640202612,0.6545120676509842,-510.30198735624185,-445.50331945222354,0.0,45.503319452223536,False
15:50:24,5.0,five,2017-09-10T15:56:24.752036,120.003964,250.0,-74.04057129275891,-358.42562350452937,-265.48846884757296,-169.3354557131347,0.5455053012567327,-589.313590708782,-511.92848991210525,0.0,111.92848991210525,False
15:50:24,5.0,five,2017-09-10T15:57:14.738532,169.99046,282.5,-72.97884367118206,-349.97649877722574,-254.28162959302696,-153.34577999552357,0.5054658230498954,-638.2434226904562,-553.3504537673538,0.0,153.35045376735377,False
15:50:24,5.0,five,2017-09-10T15:58:24.756039,240.007967,345.0,-79.22495734079222,-342.03079157318865,-250.6375624625615,-148.95504803441892,0.479765005155454,-753.8061488519439,-652.4957143180425,0.0,252.49571431804247,False
15:50:24,5.0,three,2017-09-10T15:54:24.748072,0.0,105.0,-87.19503345581676,-325.3645545036396,-256.73186822769065,-191.9246283064145,0.9532024079168222,-392.8139095442361,-346.9152371117591,45.898672432476985,-53.0847628882409,True
15:50:24,5.0,three,2017-09-10T15:55:34.734539,69.986467,190.0,-78.70093647261059,-354.2546663395255,-265.25463933001697,-177.56328958041257,0.6508125158123323,-505.9756518077671,-441.80637519484486,0.0,41.80637519484486,False
15:50:24,5.0,three,2017-09-10T15:56:24.752036,120.003964,247.5,-73.82893172698999,-358.32104420076536,-265.88854741833603,-169.4832632839531,0.5416953420353184,-584.7900382826962,-508.0525122643384,0.0,108.05251226433842,False
15:50:24,5.0,three,2017-09-10T15:57:14.738532,169.99046,282.5,-73.22341807284651,-348.23740321642623,-253.431071294858,-153.0026783035689,0.5054115738563223,-638.8769070052057,-553.925530535636,0.0,153.92553053563597,False
15:50:24,5.0,three,2017-09-10T15:58:24.756039,240.007967,347.5,-79.88999211615906,-341.1323895588823,-250.29404923875217,-148.84240870661446,0.4776468936757286,-759.5040627472114,-657.4377767650186,0.0,257.4377767650186,False
15:50:24,10.0,five,2017-09-10T15:54:24.748072,0.0,105.0,-84.72145656319762,-326.94894802454235,-257.3011115178476,-193.19050331659795,0.9499909723374608,-386.40697508119695,-341.09902496599034,45.30795011520661,-58.90097503400966,True
15:50:24,10.0,five,2017-09-10T15:55:34.734539,69.986467,190.0,-76.31467109621194,-356.47294020844856,-266.11211459992955,-178.23944528478145,0.6538060903669074,-499.7948672428625,-436.19546182212923,0.0,36.19546182212923,False
15:50:24,10.0,five,2017-09-10T15:56:24.752036,120.003964,247.5,-71.06314320155961,-359.818568832972,-266.49082182223145,-170.25347192121276,0.5488534784891353,-577.6262319446224,-501.5492121800614,0.0,101.54921218006137,False
15:50:24,10.0,five,2017-09-10T15:57:14.738532,169.99046,282.5,-69.8726768053209,-350.9158706480576,-255.2609193397942,-156.8861398156658,0.5076941054764427,-630.1979854937318,-546.0468095968761,0.0,146.04680959687607,False
15:50:24,10.0,five,2017-09-10T15:58:24.756039,240.007967,342.5,-73.7759938955823,-341.03985973295767,-250.5695958673733,-150.62224802222786,0.4793524707472784,-735.7171435153734,-636.3050247848992,0.0,236.30502478489916,False
15:50:24,10.0,three,2017-09-10T15:54:24.748072,0.0,107.5,-84.62059396404527,-325.801884490274,-257.53045779735334,-193.27337114120223,0.9481447330986548,-390.1211001164536,-344.2402048022893,45.88089531416426,-55.75979519771067,True
15:50:24,10.0,three,2017-09-10T15:55:34.734539,69.986467,190.0,-76.3025962996054,-355.5301779746597,-266.11755353847207,-178.14464461561067,0.6501990869974887,-499.76359171197294,-436.1670699096359,0.0,36.16706990963593,False
15:50:24,10.0,three,2017-09-10T15:56:24.752036,120.003964,245.0,-71.00027399768486,-359.7510781011712,-266.8183600926598,-170.30468609555768,0.5451034522866062,-573.4880170277696,-498.023043745164,0.0,98.02304374516399,False
15:50:24,10.0,three,2017-09-10T15:57:14.738532,169.99046,280.0,-70.11791108832853,-348.9518871874849,-254.3193733694612,-156.62817425567798,0.5074666391741237,-626.8578047330759,-543.2450962003105,0.0,143.2450962003105,False
15:50:24,10.0,three,2017-09-10T15:58:24.756039,240.007967,342.5,-74.53692859605489,-340.06230728866024,-250.15469231570367,-150.47710139381456,0.4772106435803073,-737.6880783066578,-638.0942384779246,0.0,238.0942384779246,False
